date,hour,is_weekend_or_holiday,event_flag,name,current_crawds,weather_code,temperature,humidity,cloud,chance_of_rain
2024-06-07,20:00,0,0,,51.62,1000,21.5,64,14,0
2024-06-07,21:00,0,0,,39.04,1000,21.0,66,20,0
2024-06-07,22:00,0,0,,20.54,1000,20.7,68,18,0
2024-06-08,10:00,1,0,,13.14,1003,22.9,50,33,0
2024-06-08,11:00,1,0,,13.14,1000,23.9,44,7,0
2024-06-08,12:00,1,0,,13.14,1000,24.8,39,0,0
2024-06-08,13:00,1,0,,13.14,1000,25.6,36,0,0
2024-06-08,14:00,1,0,,21.28,1000,26.1,38,3,45
2024-06-08,15:00,1,0,,21.28,1000,25.9,44,5,45
2024-06-08,16:00,1,0,,79.0,1063,25.0,51,77,45
2024-06-08,17:00,1,1,乃⽊坂46 35thSGアンダーメンバー,79.0,1063,24.2,57,83,45
2024-06-08,18:00,1,0,,79.0,1063,23.4,62,79,45
2024-06-08,19:00,1,0,,69.38,1063,22.5,66,62,45
2024-06-08,20:00,1,0,,44.22,1063,21.8,68,81,45
2024-06-08,21:00,1,0,,13.14,1000,21.4,70,20,45
2024-06-08,22:00,1,0,,6.48,1063,21.2,71,82,45
2024-06-09,10:00,1,0,,5.0,1000,22.9,55,17,0
2024-06-10,10:00,0,0,,7.96,1063,19.0,73,80,45
2024-06-10,11:00,0,0,,7.96,1063,20.1,69,74,45
2024-06-10,12:00,0,0,,7.96,1063,21.2,66,76,45
2024-06-10,13:00,0,0,,7.96,1063,21.5,65,65,45
2024-06-10,14:00,0,0,,7.96,1003,21.5,65,53,45
2024-06-10,15:00,0,0,,7.96,1003,21.8,64,51,45
2024-06-10,16:00,0,0,,7.96,1003,22.1,62,39,0
2024-06-10,17:00,0,0,,7.96,1003,22.3,62,34,0
2024-06-10,18:00,0,0,,7.96,1003,22.0,63,30,0
2024-06-10,19:00,0,0,,7.96,1000,21.6,66,22,0
2024-06-10,20:00,0,0,,7.96,1000,20.9,69,6,0
2024-06-10,21:00,0,0,,7.96,1000,20.4,71,11,0
2024-06-10,22:00,0,0,,7.96,1000,20.3,72,12,0
2024-06-11,10:00,0,0,,7.96,1003,23.7,63,33,0
2024-06-11,11:00,0,0,,7.96,1000,24.2,60,13,45
2024-06-11,12:00,0,0,,7.96,1000,24.9,58,16,0
2024-06-11,13:00,0,0,,7.96,1000,25.4,56,15,0
2024-06-11,14:00,0,0,,7.96,1000,25.6,55,19,0
2024-06-11,15:00,0,0,,7.96,1000,25.5,56,12,45
2024-06-11,16:00,0,0,,7.96,1000,25.1,58,8,0
2024-06-11,17:00,0,0,,7.96,1000,24.6,61,8,0
2024-06-11,18:00,0,0,,5.0,1000,23.9,65,7,0
2024-06-11,19:00,0,0,,5.0,1000,23.1,69,8,0
2024-06-11,20:00,0,0,,7.96,1000,22.6,73,6,0
2024-06-11,21:00,0,0,,7.96,1000,22.3,75,9,0
2024-06-11,22:00,0,0,,5.0,1000,22.0,77,4,0
2024-06-12,10:00,0,0,,7.22,1000,24.6,67,23,45
2024-06-12,11:00,0,0,,7.22,1000,25.4,62,5,0
2024-06-12,12:00,0,0,,5.0,1000,26.3,57,4,45
2024-06-12,13:00,0,0,,7.22,1000,26.8,56,2,45
2024-06-12,14:00,0,0,,7.22,1000,27.0,56,3,0
2024-06-12,15:00,0,0,,7.22,1000,26.9,57,3,0
2024-06-12,16:00,0,0,,7.22,1000,26.7,58,3,0
2024-06-12,17:00,0,0,,7.22,1000,26.1,60,3,0
2024-06-12,18:00,0,0,,7.22,1000,25.3,64,3,0
2024-06-12,19:00,0,0,,7.22,1000,24.4,67,3,0
2024-06-12,20:00,0,0,,7.22,1000,23.8,70,4,0
2024-06-12,21:00,0,0,,5.0,1000,23.3,73,4,0
2024-06-12,22:00,0,0,,5.0,1000,22.9,75,4,0
2024-06-13,10:00,0,0,,7.22,1006,23.6,65,64,0
2024-06-13,11:00,0,0,,7.22,1006,24.8,59,64,0
2024-06-13,12:00,0,0,,17.58,1006,25.1,56,70,0
2024-06-13,13:00,0,1,IMP.,66.42,1000,25.4,55,4,0
2024-06-13,14:00,0,0,,79.0,1000,25.8,54,7,0
2024-06-13,15:00,0,0,,76.78,1000,26.0,53,15,0
2024-06-13,16:00,0,0,,33.12,1000,26.2,53,23,0
2024-06-13,17:00,0,0,,38.3,1000,26.1,53,17,0
2024-06-13,18:00,0,1,IMP.,79.0,1000,25.7,56,8,0
2024-06-13,19:00,0,0,,79.0,1000,24.9,60,8,0
2024-06-13,20:00,0,0,,64.2,1000,24.5,62,9,0
2024-06-13,21:00,0,0,,12.4,1000,24.3,62,17,0
2024-06-13,22:00,0,0,,7.22,1000,24.1,62,21,0
2024-06-14,10:00,0,0,,7.96,1000,27.1,55,8,0
2024-06-14,11:00,0,0,,7.96,1000,27.6,54,9,0
2024-06-14,12:00,0,0,,13.14,1000,28.1,52,8,0
2024-06-14,13:00,0,1,IMP.,79.0,1000,28.5,50,8,0
2024-06-14,14:00,0,0,,79.0,1000,28.6,50,7,0
2024-06-14,15:00,0,0,,67.9,1000,28.5,50,6,0
2024-06-14,16:00,0,0,,24.98,1000,28.2,49,5,0
2024-06-14,17:00,0,0,,11.66,1000,27.2,51,5,0
2024-06-14,18:00,0,0,,7.22,1000,26.2,55,4,0
2024-06-14,19:00,0,0,,7.22,1000,25.2,61,4,0
2024-06-14,20:00,0,0,,5.0,1000,24.6,67,6,0
2024-06-14,21:00,0,0,,7.22,1000,24.2,70,4,0
2024-06-14,22:00,0,0,,7.22,1000,23.7,74,5,0
2024-06-15,10:00,1,0,,7.22,1000,26.5,49,0,0
2024-06-15,11:00,1,0,,7.22,1000,27.6,44,2,0
2024-06-15,12:00,1,0,,7.22,1000,28.3,40,4,0
2024-06-15,13:00,1,0,,7.22,1000,28.7,38,9,0
2024-06-15,14:00,1,0,,7.22,1000,28.6,38,11,0
2024-06-15,15:00,1,0,,10.18,1000,28.5,39,15,0
2024-06-15,16:00,1,0,,20.54,1000,27.8,42,16,0
2024-06-15,17:00,1,1,HIROMITSU KITAYAMA,76.78,1063,27.1,47,75,45
2024-06-15,18:00,1,0,,79.0,1003,26.1,54,49,45
2024-06-15,19:00,1,0,,79.0,1063,24.9,63,50,100
2024-06-15,20:00,1,0,,37.56,1063,24.0,70,67,45
2024-06-15,21:00,1,0,,16.1,1063,23.8,72,90,45
2024-06-15,22:00,1,0,,8.7,1153,23.5,75,100,100
2024-06-16,10:00,1,0,,7.96,1000,26.9,53,4,0
2024-06-16,11:00,1,0,,7.96,1000,27.3,53,4,0
2024-06-16,12:00,1,0,,23.5,1000,27.4,53,4,0
2024-06-16,13:00,1,1,HIROMITSU KITAYAMA,79.0,1000,27.7,53,3,0
2024-06-16,14:00,1,0,,79.0,1000,27.7,54,2,0
2024-06-16,15:00,1,0,,59.02,1000,27.4,58,2,0
2024-06-16,16:00,1,0,,18.32,1000,26.8,64,3,0
2024-06-16,17:00,1,1,HIROMITSU KITAYAMA,61.24,1000,26.5,69,4,0
2024-06-16,18:00,1,0,,76.78,1000,26.4,71,5,0
2024-06-16,19:00,1,0,,67.9,1000,26.3,70,6,0
2024-06-16,20:00,1,0,,31.64,1000,26.1,70,5,0
2024-06-16,21:00,1,0,,16.1,1000,26.1,70,7,0
2024-06-16,22:00,1,0,,7.22,1000,26.2,69,8,0
2024-06-17,10:00,0,0,,5.0,1063,26.6,64,98,100
2024-06-17,11:00,0,0,,7.22,1063,27.2,60,100,45
2024-06-17,12:00,0,0,,7.22,1006,27.3,54,86,45
2024-06-17,13:00,0,0,,7.22,1063,27.7,51,55,45
2024-06-17,14:00,0,0,,5.0,1063,28.2,51,89,45
2024-06-17,15:00,0,0,,5.0,1063,27.7,56,88,100
2024-06-17,16:00,0,0,,5.0,1063,27.2,61,84,100
2024-06-17,17:00,0,0,,5.0,1000,26.7,64,21,0
2024-06-17,18:00,0,0,,7.22,1000,26.3,62,10,0
2024-06-17,19:00,0,0,,7.22,1000,25.8,60,12,0
2024-06-17,20:00,0,0,,7.22,1000,25.1,64,9,0
2024-06-17,21:00,0,0,,5.0,1000,24.6,69,6,0
2024-06-17,22:00,0,0,,7.22,1003,24.2,70,62,0
2024-06-18,10:00,0,0,,6.48,1189,19.1,92,100,100
2024-06-18,11:00,0,0,,7.96,1189,18.9,91,100,100
2024-06-18,12:00,0,0,,20.54,1195,18.6,93,100,100
2024-06-18,13:00,0,1,Number_i,73.08,1189,18.7,93,100,100
2024-06-18,14:00,0,0,,79.0,1189,18.9,92,100,100
2024-06-18,15:00,0,0,,76.78,1195,18.9,92,100,100
2024-06-18,16:00,0,0,,19.8,1189,18.9,94,100,100
2024-06-18,17:00,0,0,,25.72,1183,19.0,93,100,100
2024-06-18,18:00,0,1,Number_i,60.5,1063,19.3,91,100,100
2024-06-18,19:00,0,0,,59.02,1153,19.4,90,100,100
2024-06-18,20:00,0,0,,36.08,1183,19.4,90,100,100
2024-06-18,21:00,0,0,,13.88,1153,19.2,91,96,100
2024-06-18,22:00,0,0,,8.7,1153,19.3,90,75,100
2024-06-21,10:00,0,0,,5.0,1063,21.7,68,70,45
2024-06-21,11:00,0,0,,6.48,1003,22.1,58,45,0
2024-06-21,12:00,0,0,,6.48,1000,22.9,55,17,0
2024-06-21,13:00,0,0,,6.48,1000,23.6,55,20,0
2024-06-21,14:00,0,0,,5.0,1000,24.4,55,20,0
2024-06-21,15:00,0,0,,6.48,1000,24.8,54,18,0
2024-06-21,16:00,0,0,,5.0,1000,24.7,54,6,0
2024-06-21,17:00,0,0,,5.0,1000,24.5,56,7,0
2024-06-21,18:00,0,0,,5.0,1000,23.9,59,5,0
2024-06-21,19:00,0,0,,6.48,1000,23.2,62,5,0
2024-06-21,20:00,0,0,,6.48,1000,22.8,63,4,0
2024-06-21,21:00,0,0,,5.0,1000,22.4,63,3,0
2024-06-21,22:00,0,0,,5.0,1000,21.9,66,2,0
2024-06-22,10:00,1,0,,5.0,1000,24.3,56,3,0
2024-06-22,11:00,1,0,,6.48,1000,25.1,55,2,0
2024-06-22,12:00,1,0,,6.48,1000,25.7,54,3,0
2024-06-22,13:00,1,0,,6.48,1003,25.8,56,62,0
2024-06-22,14:00,1,0,,6.48,1000,26.2,57,18,0
2024-06-22,15:00,1,0,,7.96,1006,26.1,60,76,0
2024-06-22,16:00,1,0,,9.44,1000,25.2,68,5,0
2024-06-22,17:00,1,1,KEN MIYAKE,53.1,1000,24.5,73,6,0
2024-06-22,18:00,1,0,,59.02,1003,24.0,76,44,0
2024-06-22,19:00,1,0,,57.54,1003,23.9,76,54,45
2024-06-22,20:00,1,0,,23.5,1063,23.6,73,55,45
2024-06-22,21:00,1,0,,10.92,1063,22.9,73,54,100
2024-06-22,22:00,1,0,,6.48,1183,22.2,80,100,100
2024-06-23,10:00,1,0,,5.0,1153,22.8,90,100,100
2024-06-23,11:00,1,0,,6.48,1153,22.9,83,98,100
2024-06-23,12:00,1,0,,6.48,1063,23.1,80,86,45
2024-06-23,13:00,1,0,,9.44,1009,24.9,73,100,45
2024-06-23,14:00,1,0,,36.82,1009,25.8,73,100,45
2024-06-23,15:00,1,1,KEN MIYAKE,70.12,1006,25.1,81,63,0
2024-06-23,16:00,1,0,,71.6,1009,25.4,86,94,45
2024-06-23,17:00,1,0,,60.5,1063,25.5,87,97,45
2024-06-23,18:00,1,0,,19.8,1063,25.3,87,88,45
2024-06-23,19:00,1,0,,10.92,1063,25.7,84,66,45
2024-06-23,20:00,1,0,,7.96,1003,25.7,84,50,0
2024-06-23,21:00,1,0,,7.96,1003,25.1,86,57,0
2024-06-23,22:00,1,0,,6.48,1006,24.4,86,69,45
2024-06-24,10:00,0,0,,5.0,1003,23.9,85,37,0
2024-06-24,11:00,0,0,,5.0,1000,25.4,78,25,0
2024-06-24,12:00,0,0,,5.0,1003,27.0,72,39,0
2024-06-24,13:00,0,0,,5.0,1000,27.8,68,18,0
2024-06-24,14:00,0,0,,6.48,1000,28.3,66,15,0
2024-06-24,15:00,0,0,,6.48,1000,28.4,66,16,0
2024-06-24,16:00,0,0,,5.0,1000,28.0,68,15,0
2024-06-24,17:00,0,0,,5.0,1000,27.9,68,13,0
2024-06-24,18:00,0,0,,5.0,1000,27.4,70,12,0
2024-06-24,19:00,0,0,,5.0,1003,27.0,71,45,0
2024-06-24,20:00,0,0,,5.0,1003,26.8,71,49,0
2024-06-24,21:00,0,0,,5.0,1063,26.7,71,74,45
2024-06-24,22:00,0,0,,5.0,1003,26.3,72,35,0
2024-06-25,10:00,0,0,,5.0,1003,27.5,67,44,45
2024-06-25,11:00,0,0,,5.0,1003,28.4,63,25,0
2024-06-25,12:00,0,0,,5.0,1000,29.1,60,24,0
2024-06-25,13:00,0,0,,5.0,1003,29.6,58,45,0
2024-06-25,14:00,0,0,,5.0,1003,28.4,61,46,0
2024-06-25,15:00,0,0,,5.0,1006,28.1,61,79,0
2024-06-25,16:00,0,0,,5.0,1003,27.9,60,35,0
2024-06-25,17:00,0,0,,6.48,1063,28.4,57,57,45
2024-06-25,18:00,0,0,,5.0,1003,28.2,57,47,0
2024-06-25,19:00,0,0,,5.0,1003,27.5,59,48,0
2024-06-25,20:00,0,0,,5.0,1003,27.2,59,53,0
2024-06-25,21:00,0,0,,5.0,1000,26.3,64,22,0
2024-06-25,22:00,0,0,,5.0,1000,25.7,66,13,0
2024-06-26,10:00,0,0,,5.0,1063,26.4,63,76,45
2024-06-26,11:00,0,0,,5.0,1063,26.2,63,77,45
2024-06-26,12:00,0,0,,5.0,1003,26.0,63,53,0
2024-06-26,13:00,0,0,,5.0,1003,27.4,59,40,0
2024-06-26,14:00,0,0,,5.0,1003,27.7,57,36,0
2024-06-26,15:00,0,0,,5.0,1000,27.8,57,18,0
2024-06-26,16:00,0,0,,5.0,1000,27.6,58,20,0
2024-06-26,17:00,0,0,,5.0,1003,27.0,61,30,0
2024-06-26,18:00,0,0,,5.0,1003,26.1,64,48,0
2024-06-26,19:00,0,0,,5.0,1003,25.4,65,51,0
2024-06-26,20:00,0,0,,5.0,1063,24.8,66,70,45
2024-06-26,21:00,0,0,,5.0,1063,24.4,67,74,45
2024-06-26,22:00,0,0,,5.0,1006,24.3,67,78,0
2024-06-27,10:00,0,0,,5.0,1003,25.6,57,49,0
2024-06-28,10:00,0,0,,6.48,1189,21.6,92,100,100
2024-06-28,11:00,0,0,,6.48,1189,21.7,92,100,100
2024-06-28,12:00,0,0,,6.48,1189,21.6,92,100,100
2024-06-28,13:00,0,0,,6.48,1240,21.7,87,98,100
2024-06-28,14:00,0,0,,6.48,1240,21.5,89,100,100
2024-06-28,15:00,0,0,,6.48,1183,22.0,91,100,100
2024-06-28,16:00,0,0,,6.48,1189,22.1,91,100,100
2024-06-28,17:00,0,0,,7.22,1189,21.7,92,100,100
2024-06-28,18:00,0,0,,7.22,1189,21.3,92,100,100
2024-06-28,19:00,0,0,,6.48,1153,21.2,89,100,100
2024-06-28,20:00,0,0,,6.48,1240,21.1,88,100,100
2024-06-28,21:00,0,0,,5.0,1153,20.8,89,100,100
2024-06-28,22:00,0,0,,6.48,1183,20.8,88,100,100
2024-06-29,10:00,1,0,,7.96,1009,22.1,81,96,0
2024-06-29,11:00,1,0,,7.96,1006,22.9,77,74,45
2024-06-29,12:00,1,0,,8.7,1003,23.5,74,55,0
2024-06-29,13:00,1,0,,7.96,1003,24.2,71,43,0
2024-06-29,14:00,1,0,,7.96,1003,24.6,69,35,0
2024-06-29,15:00,1,0,,15.36,1003,24.8,69,33,45
2024-06-29,16:00,1,0,,79.0,1003,25.3,67,30,45
2024-06-29,17:00,1,1,稲葉浩志,79.0,1000,25.1,68,22,45
2024-06-29,18:00,1,0,,76.78,1000,24.7,70,21,0
2024-06-29,19:00,1,0,,45.7,1003,24.1,72,31,0
2024-06-29,20:00,1,0,,24.98,1003,23.6,75,38,45
2024-06-29,21:00,1,0,,10.18,1003,23.3,76,40,0
2024-06-29,22:00,1,0,,6.48,1000,23.1,79,21,0
2024-06-30,10:00,1,0,,6.48,1063,26.2,73,74,45
2024-06-30,11:00,1,0,,7.96,1063,26.7,71,77,45
2024-06-30,12:00,1,0,,7.96,1063,26.5,73,92,45
2024-06-30,13:00,1,0,,8.7,1063,26.3,74,89,45
2024-06-30,14:00,1,0,,10.18,1009,26.1,75,93,0
2024-06-30,15:00,1,0,,23.5,1003,26.0,73,53,0
2024-06-30,16:00,1,0,,79.0,1003,26.3,70,48,45
2024-06-30,17:00,1,1,稲葉浩志,79.0,1063,25.8,72,66,100
2024-06-30,18:00,1,0,,79.0,1063,25.3,75,73,45
2024-06-30,19:00,1,0,,46.44,1063,25.2,75,67,45
2024-06-30,20:00,1,0,,22.76,1006,25.2,75,69,45
2024-06-30,21:00,1,0,,12.4,1003,25.3,74,52,45
2024-06-30,22:00,1,0,,7.22,1063,25.3,73,52,100
2024-07-02,10:00,0,0,,5.0,1063,27.2,72,55,45
2024-07-02,11:00,0,0,,5.74,1003,28.1,67,51,45
2024-07-02,12:00,0,0,,5.74,1000,29.1,61,20,45
2024-07-02,13:00,0,0,,5.0,1003,29.9,57,56,45
2024-07-02,14:00,0,0,,5.74,1003,30.4,55,61,45
2024-07-02,15:00,0,0,,5.74,1003,30.2,56,51,45
2024-07-02,16:00,0,0,,5.74,1003,28.7,63,33,0
2024-07-02,17:00,0,0,,5.74,1003,28.0,64,45,0
2024-07-02,18:00,0,0,,5.0,1003,27.1,67,42,0
2024-07-02,19:00,0,0,,5.0,1003,26.3,71,57,0
2024-07-02,20:00,0,0,,5.74,1003,26.0,72,56,0
2024-07-02,21:00,0,0,,5.0,1003,25.6,73,53,0
2024-07-02,22:00,0,0,,5.0,1063,25.3,74,69,45
2024-07-03,10:00,0,0,,5.74,1003,27.8,62,38,0
2024-07-03,11:00,0,0,,5.74,1000,28.6,60,24,45
2024-07-03,12:00,0,0,,5.0,1003,29.4,58,53,45
2024-07-03,13:00,0,0,,5.74,1006,29.8,58,63,45
2024-07-03,14:00,0,0,,5.0,1003,28.9,64,34,45
2024-07-03,15:00,0,0,,5.0,1003,28.6,67,45,0
2024-07-03,16:00,0,0,,5.74,1003,28.0,71,60,45
2024-07-03,17:00,0,0,,6.48,1006,27.6,73,68,45
2024-07-03,18:00,0,0,,7.22,1003,27.1,75,59,45
2024-07-03,19:00,0,0,,6.48,1003,26.5,77,41,0
2024-07-03,20:00,0,0,,5.74,1003,25.9,79,39,0
2024-07-03,21:00,0,0,,5.0,1003,25.5,81,41,0
2024-07-03,22:00,0,0,,5.0,1003,25.1,82,34,0
2024-07-04,10:00,0,0,,5.0,1000,29.6,65,13,45
2024-07-04,11:00,0,0,,5.0,1000,30.6,62,16,45
2024-07-04,18:00,0,0,,23.5,1000,30.3,66,18,0
2024-07-05,10:00,0,0,,5.0,1000,30.2,60,16,0
2024-07-05,11:00,0,0,,5.0,1000,31.2,57,9,0
2024-07-05,12:00,0,0,,5.0,1000,32.1,54,9,45
2024-07-05,13:00,0,0,,5.74,1000,32.8,52,4,0
2024-07-05,14:00,0,0,,5.74,1000,33.5,51,14,0
2024-07-05,15:00,0,0,,5.74,1000,33.6,50,24,45
2024-07-05,16:00,0,0,,6.48,1000,32.7,53,22,0
2024-07-05,17:00,0,0,,16.84,1000,31.4,58,14,0
2024-07-05,18:00,0,0,,40.52,1000,30.2,63,9,0
2024-07-05,19:00,0,1,バスケットボール男子日本代表国際強化試合,61.24,1063,28.8,68,76,45
2024-07-05,20:00,0,0,,72.34,1000,28.0,74,5,0
2024-07-05,21:00,0,0,,69.38,1000,27.4,77,5,0
2024-07-05,22:00,0,0,,31.64,1000,27.0,78,11,0
2024-07-06,10:00,1,0,,5.74,1000,29.8,62,9,0
2024-07-06,11:00,1,0,,10.18,1000,30.9,58,7,45
2024-07-06,12:00,1,0,,30.9,1000,31.5,56,15,0
2024-07-06,13:00,1,1,バスケットボール女子日本代表国際強化試合,50.88,1000,32.3,54,9,0
2024-07-06,14:00,1,0,,66.42,1003,32.8,52,26,45
2024-07-06,15:00,1,0,,70.86,1000,33.1,52,24,45
2024-07-06,16:00,1,0,,53.1,1003,32.6,54,34,45
2024-07-06,17:00,1,0,,16.84,1003,31.4,58,41,45
2024-07-06,18:00,1,0,,6.48,1003,30.5,62,48,45
2024-07-06,19:00,1,0,,5.74,1003,29.5,66,30,45
2024-07-06,20:00,1,0,,5.0,1003,28.6,69,30,0
2024-07-06,21:00,1,0,,5.0,1000,27.9,70,18,0
2024-07-06,22:00,1,0,,5.0,1000,27.5,70,23,0
2024-07-07,10:00,1,0,,5.0,1000,29.1,66,0,0
2024-07-07,11:00,1,0,,5.0,1000,29.8,64,1,0
2024-07-07,12:00,1,0,,5.74,1000,30.4,62,1,45
2024-07-07,13:00,1,0,,5.74,1000,30.8,61,0,45
2024-07-07,14:00,1,0,,5.74,1000,30.9,60,0,45
2024-07-07,15:00,1,0,,6.48,1000,31.0,59,0,45
2024-07-07,16:00,1,0,,7.22,1000,30.7,60,2,45
2024-07-07,17:00,1,0,,10.18,1000,30.2,62,7,0
2024-07-07,18:00,1,0,,36.08,1003,29.3,67,33,0
2024-07-07,19:00,1,1,バスケットボール男子日本代表国際強化試合,61.98,1000,28.6,69,21,0
2024-07-07,20:00,1,0,,79.0,1000,28.2,71,1,0
2024-07-07,21:00,1,0,,79.0,1000,27.6,73,2,0
2024-07-07,22:00,1,0,,49.4,1000,27.5,73,3,0
2024-07-08,10:00,0,0,,5.0,1003,31.0,57,31,0
2024-07-08,11:00,0,0,,5.0,1000,31.7,55,22,0
2024-07-08,12:00,0,0,,5.0,1003,32.3,53,34,0
2024-07-08,13:00,0,0,,5.0,1000,32.9,50,8,0
2024-07-08,14:00,0,0,,5.0,1000,33.6,48,2,0
2024-07-08,15:00,0,0,,5.0,1000,33.8,47,5,0
2024-07-08,16:00,0,0,,5.0,1000,33.5,48,13,0
2024-07-08,17:00,0,0,,5.0,1000,32.3,53,6,45
2024-07-08,18:00,0,0,,5.0,1000,31.2,59,6,45
2024-07-08,19:00,0,0,,5.0,1000,30.3,61,6,0
2024-07-08,20:00,0,0,,5.0,1000,29.9,63,5,0
2024-07-08,21:00,0,0,,5.0,1000,29.5,64,6,0
2024-07-08,22:00,0,0,,5.0,1000,29.0,66,3,0
2024-07-09,10:00,0,0,,5.0,1000,30.0,62,8,0
2024-07-09,11:00,0,0,,6.48,1000,31.0,59,3,45
2024-07-09,12:00,0,0,,6.48,1000,31.9,56,1,45
2024-07-09,13:00,0,0,,5.0,1000,32.4,54,3,0
2024-07-09,14:00,0,0,,6.48,1000,32.7,53,5,0
2024-07-09,15:00,0,0,,6.48,1000,32.6,54,6,0
2024-07-09,16:00,0,0,,5.0,1000,32.6,53,8,0
2024-07-09,17:00,0,0,,5.0,1000,32.4,53,11,0
2024-07-09,18:00,0,0,,5.0,1000,31.9,53,16,0
2024-07-09,19:00,0,0,,5.0,1003,31.5,54,46,0
2024-07-09,20:00,0,0,,5.0,1003,31.3,54,46,0
2024-07-09,21:00,0,0,,5.0,1003,30.5,57,36,0
2024-07-10,10:00,0,0,,5.0,1003,29.7,60,46,0
2024-07-10,11:00,0,0,,5.0,1003,30.0,58,47,0
2024-07-10,12:00,0,0,,5.0,1003,30.5,57,45,0
2024-07-10,13:00,0,0,,5.0,1003,31.3,55,46,0
2024-07-10,14:00,0,0,,5.0,1003,32.2,52,45,0
2024-07-10,15:00,0,0,,5.0,1003,32.5,50,47,0
2024-07-10,16:00,0,0,,5.74,1003,32.0,53,46,0
2024-07-10,17:00,0,0,,5.0,1003,30.7,59,47,45
2024-07-10,18:00,0,0,,5.0,1003,29.6,63,59,0
2024-07-10,19:00,0,0,,5.74,1063,28.6,66,58,45
2024-07-10,20:00,0,0,,5.0,1003,28.0,68,56,45
2024-07-10,21:00,0,0,,5.0,1009,27.8,70,91,0
2024-07-10,22:00,0,0,,5.0,1063,27.7,73,77,45
2024-07-11,10:00,0,0,,5.0,1003,27.4,68,50,45
2024-07-11,11:00,0,0,,5.74,1003,27.7,67,45,0
2024-07-11,12:00,0,0,,5.0,1003,28.2,64,27,0
2024-07-11,13:00,0,0,,5.0,1003,29.1,60,50,0
2024-07-11,14:00,0,0,,5.0,1000,29.5,58,22,0
2024-07-11,15:00,0,0,,5.0,1000,30.1,54,16,0
2024-07-11,16:00,0,0,,5.0,1000,29.5,58,20,0
2024-07-11,17:00,0,0,,5.0,1000,28.5,63,17,0
2024-07-11,18:00,0,0,,5.0,1063,28.2,65,74,45
2024-07-11,19:00,0,0,,5.0,1003,27.7,66,33,0
2024-07-11,20:00,0,0,,5.0,1063,27.1,69,78,100
2024-07-11,21:00,0,0,,5.0,1000,27.0,71,13,0
2024-07-11,22:00,0,0,,5.0,1063,27.1,71,86,45
2024-07-12,10:00,0,0,,5.0,1183,23.4,90,96,100
2024-07-12,15:00,0,0,,12.4,1183,23.0,91,96,100
2024-07-12,16:00,0,0,,13.88,1183,23.1,90,100,100
2024-07-12,20:00,0,0,,13.88,1063,22.9,89,74,100
2024-07-12,21:00,0,0,,13.88,1240,23.0,89,70,100
2024-07-12,22:00,0,0,,7.96,1063,23.0,88,76,45
2024-07-13,10:00,1,1,"ディズニー・オン・アイス ""Find Your Gift"" ～東京公演～",7.96,1003,27.4,65,45,0
2024-07-13,11:00,1,0,,19.06,1063,28.0,62,86,45
2024-07-13,12:00,1,0,,24.24,1000,28.1,63,23,45
2024-07-13,13:00,1,0,,15.36,1000,28.3,64,24,45
2024-07-13,14:00,1,1,"ディズニー・オン・アイス ""Find Your Gift"" ～東京公演～",9.44,1003,28.5,64,29,45
2024-07-13,15:00,1,0,,16.84,1063,28.5,65,71,45
2024-07-13,16:00,1,0,,21.28,1063,27.8,68,88,45
2024-07-13,17:00,1,0,,12.4,1063,27.5,70,72,45
2024-07-13,18:00,1,1,"ディズニー・オン・アイス ""Find Your Gift"" ～東京公演～",13.88,1003,27.1,72,45,45
2024-07-13,19:00,1,0,,25.72,1063,26.3,76,83,45
2024-07-13,20:00,1,0,,26.46,1063,25.7,80,52,45
2024-07-13,21:00,1,0,,19.06,1003,25.6,81,59,0
2024-07-13,22:00,1,0,,7.22,1006,25.5,82,76,0
2024-07-14,10:00,1,1,"ディズニー・オン・アイス ""Find Your Gift"" ～東京公演～",8.7,1189,26.0,81,100,100
2024-07-14,11:00,1,0,,16.84,1189,24.6,90,100,100
2024-07-14,12:00,1,0,,18.32,1240,24.7,90,95,100
2024-07-14,13:00,1,0,,11.66,1153,25.5,86,75,100
2024-07-14,14:00,1,1,"ディズニー・オン・アイス ""Find Your Gift"" ～東京公演～",10.92,1240,26.8,80,82,100
2024-07-14,15:00,1,0,,22.76,1063,27.2,77,83,100
2024-07-14,16:00,1,0,,24.24,1063,27.6,75,89,45
2024-07-14,17:00,1,0,,14.62,1063,27.6,74,80,45
2024-07-14,18:00,1,1,"ディズニー・オン・アイス ""Find Your Gift"" ～東京公演～",10.92,1063,27.3,76,68,45
2024-07-14,19:00,1,0,,20.54,1063,26.9,79,64,45
2024-07-14,20:00,1,0,,23.5,1063,26.5,81,63,45
2024-07-14,21:00,1,0,,17.58,1003,26.2,83,51,45
2024-07-14,22:00,1,0,,7.96,1003,25.9,85,39,0
2024-07-15,10:00,1,1,"ディズニー・オン・アイス ""Find Your Gift"" ～東京公演～",11.66,1063,23.9,75,100,45
2024-07-15,11:00,1,0,,22.76,1063,24.2,73,100,45
2024-07-15,12:00,1,0,,28.68,1009,24.5,72,100,45
2024-07-15,13:00,1,0,,18.32,1063,25.3,69,99,100
2024-07-15,14:00,1,1,"ディズニー・オン・アイス ""Find Your Gift"" ～東京公演～",10.18,1063,25.8,66,98,45
2024-07-15,15:00,1,0,,22.02,1240,26.2,65,100,100
2024-07-15,16:00,1,0,,27.2,1240,26.0,67,94,100
2024-07-15,17:00,1,0,,16.1,1240,25.6,69,83,100
2024-07-15,18:00,1,0,,7.22,1240,25.2,71,87,100
2024-07-15,19:00,1,0,,5.74,1240,24.7,74,81,100
2024-07-15,20:00,1,0,,5.0,1240,24.0,77,79,100
2024-07-15,21:00,1,0,,5.0,1240,23.5,78,53,100
2024-07-15,22:00,1,0,,5.0,1063,23.1,80,79,45
2024-07-16,10:00,0,0,,6.48,1009,23.4,78,100,0
2024-07-16,11:00,0,0,,5.0,1063,23.7,78,100,45
2024-07-16,12:00,0,0,,5.0,1063,23.9,77,100,45
2024-07-16,13:00,0,0,,6.48,1063,24.1,78,100,45
2024-07-16,14:00,0,0,,6.48,1153,24.0,79,100,100
2024-07-16,15:00,0,0,,6.48,1063,23.6,81,100,100
2024-07-16,16:00,0,0,,5.0,1153,23.3,83,100,100
2024-07-16,17:00,0,0,,5.0,1063,22.9,85,100,100
2024-07-16,18:00,0,0,,5.0,1063,22.7,86,100,45
2024-07-16,19:00,0,0,,5.0,1063,22.6,86,100,45
2024-07-16,20:00,0,0,,5.0,1063,22.5,87,100,100
2024-07-16,21:00,0,0,,5.0,1063,22.5,87,100,45
2024-07-16,22:00,0,0,,5.0,1153,22.5,88,100,100
2024-07-17,10:00,0,0,,5.0,1006,23.7,88,85,45
2024-07-17,11:00,0,0,,5.0,1006,24.6,84,80,45
2024-07-17,12:00,0,0,,5.0,1003,26.1,77,55,45
2024-07-18,10:00,0,0,,5.0,1000,28.8,66,18,0
2024-07-18,11:00,0,0,,5.0,1003,29.7,63,29,0
2024-07-18,12:00,0,0,,5.0,1000,30.5,59,21,0
2024-07-18,13:00,0,0,,5.0,1000,31.0,57,23,0
2024-07-18,14:00,0,0,,6.48,1000,31.1,56,18,0
2024-07-18,15:00,0,0,,5.0,1000,30.8,57,7,0
2024-07-18,16:00,0,0,,5.0,1000,30.3,59,3,0
2024-07-18,17:00,0,0,,5.0,1000,29.4,62,3,0
2024-07-18,18:00,0,0,,5.0,1000,28.7,67,6,0
2024-07-18,19:00,0,0,,6.48,1000,27.8,73,16,0
2024-07-18,20:00,0,0,,6.48,1003,27.3,77,33,0
2024-07-18,21:00,0,0,,6.48,1003,26.9,79,37,0
2024-07-18,22:00,0,0,,5.0,1003,26.7,80,50,0
2024-07-19,10:00,0,0,,5.0,1000,29.7,63,6,0
2024-07-19,11:00,0,0,,5.0,1000,30.4,59,6,0
2024-07-19,12:00,0,0,,6.48,1000,30.6,58,7,0
2024-07-19,13:00,0,0,,6.48,1000,30.7,58,7,0
2024-07-19,14:00,0,0,,6.48,1000,31.2,57,7,0
2024-07-19,15:00,0,0,,6.48,1000,31.5,58,13,0
2024-07-19,16:00,0,0,,6.48,1003,31.3,60,31,0
2024-07-19,17:00,0,0,,6.48,1003,30.7,64,46,0
2024-07-19,18:00,0,0,,6.48,1003,29.7,69,47,0
2024-07-19,19:00,0,0,,6.48,1003,29.0,73,45,0
2024-07-19,20:00,0,0,,6.48,1003,28.6,75,49,0
2024-07-19,21:00,0,0,,6.48,1003,28.3,77,46,0
2024-07-19,22:00,0,0,,5.0,1003,28.0,78,44,0
2024-07-20,10:00,1,0,,5.0,1003,28.7,75,58,0
2024-07-20,11:00,1,0,,6.48,1003,29.9,70,55,45
2024-07-20,12:00,1,0,,5.0,1003,30.8,66,32,45
2024-07-20,13:00,1,0,,6.48,1003,31.3,65,38,45
2024-07-20,14:00,1,0,,6.48,1000,31.4,64,10,45
2024-07-20,15:00,1,0,,8.7,1000,31.3,65,12,0
2024-07-20,16:00,1,0,,9.44,1063,30.8,66,78,45
2024-07-20,17:00,1,1,&TEAM,22.76,1063,30.4,68,70,100
2024-07-20,18:00,1,0,,30.9,1063,29.4,72,73,100
2024-07-20,19:00,1,0,,33.86,1243,28.2,79,76,100
2024-07-20,20:00,1,0,,26.46,1243,27.3,83,67,100
2024-07-20,21:00,1,0,,14.62,1246,26.0,89,75,100
2024-07-20,22:00,1,0,,6.48,1186,25.4,92,54,100
2024-07-21,10:00,1,0,,6.48,1000,30.7,60,13,0
2024-07-21,11:00,1,0,,8.7,1000,31.6,55,11,0
2024-07-21,12:00,1,1,&TEAM,19.06,1000,32.4,52,9,0
2024-07-21,13:00,1,0,,22.02,1000,32.8,52,9,0
2024-07-21,14:00,1,0,,14.62,1000,32.6,56,19,0
2024-07-21,15:00,1,0,,8.7,1000,32.3,59,23,0
2024-07-21,16:00,1,0,,8.7,1003,31.8,61,29,0
2024-07-21,17:00,1,1,&TEAM,22.02,1003,31.0,64,29,0
2024-07-21,18:00,1,0,,24.24,1003,30.2,68,32,0
2024-07-21,19:00,1,0,,24.24,1003,29.4,71,44,0
2024-07-21,20:00,1,0,,19.06,1003,28.9,74,32,0
2024-07-21,21:00,1,0,,8.7,1000,28.4,76,24,0
2024-07-21,22:00,1,0,,6.48,1000,28.1,78,22,0
2024-07-22,10:00,0,0,,5.0,1000,31.2,63,11,0
2024-07-22,11:00,0,0,,5.0,1000,32.1,60,8,0
2024-07-22,12:00,0,0,,5.0,1000,32.9,56,5,0
2024-07-22,13:00,0,0,,5.0,1000,33.5,54,12,0
2024-07-22,14:00,0,0,,5.0,1000,34.2,51,19,45
2024-07-22,15:00,0,0,,5.0,1000,34.3,51,19,45
2024-07-22,16:00,0,0,,5.0,1000,34.0,53,23,0
2024-07-22,17:00,0,0,,5.0,1000,33.1,57,22,0
2024-07-22,18:00,0,0,,5.0,1063,31.4,63,71,100
2024-07-22,19:00,0,0,,5.0,1063,29.3,73,70,100
2024-07-22,20:00,0,0,,5.0,1240,28.8,76,77,100
2024-07-22,21:00,0,0,,5.0,1243,27.9,81,72,100
2024-07-22,22:00,0,0,,5.0,1192,25.6,89,73,100
2024-07-23,10:00,0,0,,5.0,1000,31.5,58,5,0
2024-07-23,11:00,0,0,,5.0,1000,32.3,55,5,0
2024-07-23,12:00,0,0,,5.0,1000,33.0,54,5,0
2024-07-23,13:00,0,0,,5.0,1000,33.2,54,5,0
2024-07-23,14:00,0,1,有明アリーナスポーツフェス2024,5.0,1000,33.3,54,5,0
2024-07-23,15:00,0,0,,5.0,1000,33.0,56,5,0
2024-07-23,16:00,0,0,,5.0,1063,32.4,58,89,45
2024-07-23,17:00,0,0,,5.0,1063,31.3,63,83,100
2024-07-23,18:00,0,0,,5.0,1000,30.1,68,9,0
2024-07-23,19:00,0,0,,5.0,1063,29.1,73,82,100
2024-07-23,20:00,0,0,,5.0,1000,28.8,75,12,0
2024-07-23,21:00,0,0,,5.0,1000,28.6,75,11,0
2024-07-23,22:00,0,0,,5.0,1000,28.3,75,11,0
2024-07-24,10:00,0,0,,5.0,1000,30.8,61,10,0
2024-07-24,11:00,0,0,,5.0,1000,31.3,60,14,0
2024-07-24,12:00,0,0,,5.0,1000,32.5,57,10,0
2024-07-24,13:00,0,0,,5.0,1000,32.5,58,8,45
2024-07-24,14:00,0,0,,5.0,1000,32.3,58,8,0
2024-07-24,15:00,0,0,,5.0,1000,32.0,58,19,0
2024-07-24,16:00,0,0,,5.0,1063,31.7,59,81,45
2024-07-24,17:00,0,0,,5.0,1063,31.7,59,81,45
2024-07-24,18:00,0,0,,5.0,1000,31.3,61,12,0
2024-07-24,19:00,0,0,,5.0,1000,30.5,65,16,0
2024-07-24,20:00,0,0,,5.0,1000,30.1,67,24,0
2024-07-24,21:00,0,0,,5.0,1000,29.9,68,17,0
2024-07-24,22:00,0,0,,5.0,1087,29.5,70,30,0
2024-07-26,10:00,0,0,,5.0,1000,31.2,61,20,0
2024-07-26,11:00,0,0,,5.0,1000,31.8,60,18,0
2024-07-26,12:00,0,0,,5.0,1000,32.1,59,17,45
2024-07-26,13:00,0,0,,5.0,1000,31.8,61,16,45
2024-07-26,14:00,0,0,,5.0,1000,30.9,64,17,0
2024-07-26,15:00,0,0,,5.0,1000,31.5,61,16,45
2024-07-26,16:00,0,0,,5.0,1000,31.7,60,21,0
2024-07-26,17:00,0,0,,5.0,1003,31.0,63,29,0
2024-07-26,18:00,0,0,,5.0,1003,30.6,64,46,0
2024-07-26,19:00,0,0,,5.0,1003,30.2,66,47,0
2024-07-26,20:00,0,0,,5.0,1003,30.1,67,46,0
2024-07-26,21:00,0,0,,5.0,1063,29.9,68,82,45
2024-07-26,22:00,0,0,,5.0,1063,29.5,69,70,45
2024-07-28,10:00,1,0,,5.0,1000,31.0,62,17,0
2024-07-28,11:00,1,0,,5.0,1000,32.1,58,17,0
2024-07-28,12:00,1,0,,5.0,1000,33.0,54,14,0
2024-07-28,13:00,1,0,,5.0,1000,34.0,50,11,0
2024-07-28,14:00,1,0,,5.0,1000,34.4,49,22,0
2024-07-28,15:00,1,0,,5.0,1000,34.2,51,24,0
2024-07-28,16:00,1,0,,6.48,1003,33.6,53,26,0
2024-07-28,17:00,1,0,,5.0,1003,32.7,55,27,0
2024-07-28,18:00,1,0,,5.0,1003,31.7,58,34,0
2024-07-28,19:00,1,0,,5.0,1180,30.6,64,72,100
2024-07-28,20:00,1,0,,5.0,1063,29.9,68,89,45
2024-07-28,21:00,1,0,,5.0,1003,29.4,71,40,0
2024-07-28,22:00,1,0,,5.0,1003,29.2,72,29,0
2024-07-29,10:00,0,0,,5.0,1000,32.3,57,17,0
2024-07-29,11:00,0,0,,5.0,1000,32.8,55,14,0
2024-07-29,12:00,0,0,,5.0,1000,33.0,55,13,0
2024-07-29,13:00,0,0,,5.0,1063,33.1,54,77,45
2024-07-29,14:00,0,0,,5.0,1000,33.2,53,14,0
2024-07-29,15:00,0,0,,5.0,1000,33.0,53,17,0
2024-07-29,16:00,0,0,,5.0,1000,32.5,54,18,0
2024-07-29,17:00,0,0,,5.0,1000,31.8,56,17,0
2024-07-29,18:00,0,0,,5.0,1000,30.9,60,14,0
2024-07-29,19:00,0,0,,5.0,1063,30.1,63,74,45
2024-07-29,20:00,0,0,,5.0,1063,29.4,68,76,100
2024-07-29,21:00,0,0,,5.0,1063,28.6,74,85,45
2024-07-29,22:00,0,0,,5.0,1003,28.6,76,31,45
2024-07-30,10:00,0,0,,5.0,1000,33.3,51,6,0
2024-07-30,11:00,0,0,,5.0,1000,34.2,48,15,0
2024-07-30,12:00,0,0,,5.0,1003,35.1,45,36,0
2024-07-30,13:00,0,0,,7.22,1003,35.7,42,43,0
2024-07-30,14:00,0,0,,7.22,1003,35.8,42,46,0
2024-07-30,15:00,0,0,,7.22,1063,35.2,45,50,45
2024-07-30,16:00,0,0,,5.0,1180,32.5,55,81,100
2024-07-30,17:00,0,0,,5.0,1189,27.7,81,81,100
2024-07-30,18:00,0,0,,5.0,1240,28.1,77,59,100
2024-07-30,19:00,0,0,,5.0,1150,28.3,76,82,100
2024-07-30,20:00,0,0,,5.0,1063,28.0,77,61,45
2024-07-30,21:00,0,0,,5.0,1006,27.9,78,75,0
2024-07-30,22:00,0,0,,5.0,1063,28.0,77,100,45
2024-07-31,10:00,0,0,,5.0,1063,30.8,63,84,100
2024-07-31,11:00,0,0,,5.0,1003,31.6,60,28,0
2024-07-31,12:00,0,0,,5.0,1063,32.4,56,84,45
2024-07-31,13:00,0,0,,5.0,1063,33.2,53,69,45
2024-07-31,14:00,0,0,,5.0,1240,33.1,53,60,100
2024-07-31,15:00,0,0,,5.0,1063,31.1,61,72,100
2024-07-31,16:00,0,0,,5.0,1063,30.4,64,75,45
2024-07-31,17:00,0,0,,5.0,1180,30.4,64,59,100
2024-07-31,18:00,0,0,,5.0,1063,29.9,65,51,100
2024-07-31,19:00,0,0,,5.0,1063,29.4,67,71,100
2024-07-31,20:00,0,0,,5.0,1240,29.0,68,54,100
2024-07-31,21:00,0,0,,5.0,1240,28.6,69,54,100
2024-07-31,22:00,0,0,,5.0,1003,28.4,68,50,0
2024-08-01,10:00,0,0,,5.0,1000,30.2,59,24,0
2024-08-01,11:00,0,0,,5.0,1003,31.1,55,58,0
2024-08-01,12:00,0,0,,5.0,1003,32.2,51,28,0
2024-08-01,13:00,0,0,,5.0,1003,32.9,48,39,0
2024-08-01,14:00,0,0,,5.0,1003,33.4,47,33,0
2024-08-01,15:00,0,0,,5.0,1003,33.3,48,46,0
2024-08-01,16:00,0,0,,5.0,1003,32.8,50,55,0
2024-08-01,17:00,0,0,,5.0,1006,31.9,54,87,0
2024-08-01,18:00,0,0,,5.0,1003,30.6,58,47,0
2024-08-01,19:00,0,0,,5.0,1003,29.6,62,59,0
2024-08-01,20:00,0,0,,5.0,1003,28.7,65,33,0
2024-08-01,21:00,0,0,,5.0,1000,28.2,68,22,0
2024-08-01,22:00,0,0,,5.0,1003,27.8,71,28,0
2024-08-02,10:00,0,0,,7.22,1000,29.7,60,19,0
2024-08-02,11:00,0,0,,7.22,1003,30.8,56,39,0
2024-08-02,12:00,0,0,,7.22,1003,31.9,52,26,0
2024-08-02,13:00,0,0,,7.22,1000,32.9,49,12,0
2024-08-02,14:00,0,0,,7.22,1000,33.3,48,22,0
2024-08-02,15:00,0,0,,7.22,1000,32.7,52,15,0
2024-08-02,16:00,0,0,,7.22,1000,32.1,54,16,0
2024-08-03,10:00,1,0,,5.0,1000,29.9,57,16,0
2024-08-03,11:00,1,0,,5.0,1000,30.9,54,14,0
2024-08-03,12:00,1,0,,8.7,1000,32.0,51,23,0
2024-08-03,13:00,1,0,,14.62,1000,32.8,50,21,0
2024-08-03,14:00,1,1,TREASURE,20.54,1003,33.3,50,39,0
2024-08-03,15:00,1,0,,22.76,1003,32.4,53,42,0
2024-08-03,16:00,1,0,,16.84,1000,31.2,56,17,0
2024-08-03,17:00,1,0,,13.14,1000,30.5,58,14,0
2024-08-03,18:00,1,0,,10.92,1000,30.0,60,16,0
2024-08-03,19:00,1,1,TREASURE,14.62,1000,29.3,63,22,0
2024-08-03,20:00,1,0,,16.84,1003,28.6,65,27,0
2024-08-03,21:00,1,0,,14.62,1003,28.0,67,28,0
2024-08-03,22:00,1,0,,8.7,1003,27.5,68,28,0
2024-08-04,10:00,1,0,,5.0,1000,30.4,54,21,0
2024-08-04,11:00,1,0,,9.44,1000,31.3,51,20,0
2024-08-04,12:00,1,0,,20.54,1000,32.3,48,17,0
2024-08-04,13:00,1,1,TREASURE,33.12,1000,32.9,48,15,0
2024-08-04,14:00,1,0,,35.34,1000,33.1,48,17,0
2024-08-04,15:00,1,0,,26.46,1000,32.7,50,16,0
2024-08-04,16:00,1,0,,22.76,1000,32.2,52,12,0
2024-08-04,17:00,1,0,,16.1,1000,31.6,54,9,0
2024-08-04,18:00,1,0,,7.22,1000,30.7,58,6,0
2024-08-04,19:00,1,0,,5.0,1000,29.5,62,6,0
2024-08-04,20:00,1,0,,5.0,1000,29.0,63,9,0
2024-08-04,21:00,1,0,,5.0,1000,28.6,64,13,0
2024-08-04,22:00,1,0,,5.0,1000,28.3,66,17,0
2024-08-05,10:00,0,0,,5.0,1000,31.1,54,19,0
2024-08-05,11:00,0,0,,5.0,1000,32.1,52,23,0
2024-08-05,12:00,0,0,,5.0,1003,33.1,49,33,0
2024-08-05,13:00,0,0,,5.0,1003,34.0,47,34,0
2024-08-05,14:00,0,0,,5.0,1003,34.3,47,38,0
2024-08-05,15:00,0,0,,5.0,1003,33.5,49,31,0
2024-08-05,16:00,0,0,,5.0,1003,32.9,50,25,0
2024-08-06,10:00,0,0,,5.0,1003,31.5,53,27,0
2024-08-06,11:00,0,0,,5.0,1000,32.5,49,14,0
2024-08-06,12:00,0,0,,5.0,1003,33.6,46,26,0
2024-08-06,13:00,0,0,,5.0,1003,34.4,44,36,0
2024-08-06,14:00,0,0,,5.0,1003,34.9,43,31,0
2024-08-06,15:00,0,0,,5.0,1003,34.3,46,27,0
2024-08-06,16:00,0,0,,5.0,1000,33.5,48,22,0
2024-08-06,17:00,0,0,,5.0,1000,32.8,50,12,0
2024-08-06,18:00,0,0,,5.0,1000,31.9,54,10,0
2024-08-06,19:00,0,0,,5.0,1000,30.9,59,11,0
2024-08-06,20:00,0,0,,5.0,1000,30.1,64,14,0
2024-08-06,21:00,0,0,,5.0,1000,29.5,68,21,0
2024-08-06,22:00,0,0,,5.0,1003,28.9,71,34,0
2024-08-07,10:00,0,0,,5.0,1063,29.6,68,81,45
2024-08-07,11:00,0,0,,5.0,1063,30.7,62,78,45
2024-08-07,12:00,0,0,,5.0,1003,31.5,58,50,45
2024-08-07,13:00,0,0,,5.0,1003,32.2,55,49,0
2024-08-07,14:00,0,0,,5.0,1003,32.6,53,37,0
2024-08-07,15:00,0,0,,5.0,1006,32.7,52,80,45
2024-08-07,16:00,0,0,,5.0,1063,32.7,53,72,45
2024-08-07,17:00,0,0,,5.0,1063,31.8,58,86,45
2024-08-07,18:00,0,0,,5.0,1063,30.6,64,61,100
2024-08-07,19:00,0,0,,5.0,1063,30.0,67,77,45
2024-08-07,20:00,0,0,,5.0,1063,29.5,69,80,45
2024-08-07,21:00,0,0,,5.0,1063,29.2,70,70,45
2024-08-07,22:00,0,0,,5.0,1063,28.9,71,59,45
2024-08-08,10:00,0,0,,5.0,1063,30.7,63,79,45
2024-08-08,11:00,0,0,,5.0,1063,31.4,59,62,45
2024-08-08,12:00,0,0,,5.0,1063,31.7,57,71,45
2024-08-08,13:00,0,0,,5.0,1063,32.0,56,67,45
2024-08-08,14:00,0,0,,5.0,1063,32.1,58,56,45
2024-08-08,15:00,0,0,,5.0,1063,32.1,59,89,45
2024-08-08,16:00,0,0,,5.0,1150,31.9,60,74,100
2024-08-08,17:00,0,0,,5.0,1240,30.9,65,53,100
2024-08-08,18:00,0,0,,5.0,1240,29.9,70,59,100
2024-08-08,19:00,0,0,,5.0,1063,29.4,72,71,100
2024-08-08,20:00,0,0,,5.0,1063,29.1,73,75,45
2024-08-08,21:00,0,0,,5.0,1240,28.5,75,76,100
2024-08-08,22:00,0,0,,5.0,1063,28.3,76,78,100
2024-08-09,10:00,0,0,,5.0,1063,31.2,62,71,45
2024-08-09,11:00,0,0,,5.0,1063,32.2,58,74,45
2024-08-09,12:00,0,0,,5.0,1063,32.8,54,55,45
2024-08-09,13:00,0,0,,5.0,1003,33.1,53,31,45
2024-08-09,14:00,0,0,,5.0,1003,33.5,51,54,0
2024-08-09,15:00,0,0,,7.96,1003,33.8,51,47,45
2024-08-09,16:00,0,0,,7.96,1063,33.9,51,75,45
2024-08-09,17:00,0,0,,7.96,1003,32.9,55,38,0
2024-08-09,18:00,0,0,,5.0,1003,31.6,60,49,45
2024-08-09,19:00,0,0,,5.0,1006,30.6,64,75,45
2024-08-09,20:00,0,0,,5.0,1006,29.8,66,75,0
2024-08-09,21:00,0,0,,5.0,1006,29.5,67,84,0
2024-08-09,22:00,0,0,,5.0,1006,29.2,68,86,0
2024-08-10,10:00,1,0,,5.0,1000,30.8,55,16,0
2024-08-10,11:00,1,0,,5.0,1000,31.7,52,19,0
2024-08-10,12:00,1,0,,7.96,1000,32.9,48,16,0
2024-08-10,13:00,1,0,,7.96,1003,33.7,46,30,0
2024-08-10,14:00,1,0,,5.0,1003,33.7,47,47,0
2024-08-10,15:00,1,0,,5.0,1003,33.6,48,34,0
2024-08-10,16:00,1,0,,5.0,1003,33.6,49,46,0
2024-08-10,17:00,1,0,,5.0,1003,32.8,52,48,0
2024-08-10,18:00,1,0,,5.0,1003,31.7,56,27,0
2024-08-10,19:00,1,0,,5.0,1003,30.9,58,30,0
2024-08-10,20:00,1,0,,5.0,1003,30.5,60,44,0
2024-08-10,21:00,1,0,,5.0,1003,30.0,60,32,0
2024-08-10,22:00,1,0,,5.0,1150,29.5,62,76,100
2024-08-11,10:00,1,0,,10.92,1003,32.4,49,25,0
2024-08-11,11:00,1,0,,14.62,1000,33.5,46,19,0
2024-08-11,12:00,1,0,,10.92,1000,34.5,45,20,0
2024-08-11,13:00,1,0,,14.62,1000,34.8,45,21,0
2024-08-11,14:00,1,0,,10.92,1003,34.6,47,40,0
2024-08-11,15:00,1,0,,10.92,1063,33.5,52,79,45
2024-08-11,16:00,1,0,,10.92,1003,31.8,59,51,0
2024-08-11,17:00,1,0,,10.92,1003,31.6,61,53,0
2024-08-11,18:00,1,0,,10.92,1063,30.9,65,71,45
2024-08-11,19:00,1,0,,10.92,1063,30.1,68,75,100
2024-08-11,20:00,1,0,,7.96,1063,29.9,67,83,45
2024-08-11,21:00,1,0,,5.0,1063,29.9,66,76,45
2024-08-11,22:00,1,0,,5.0,1063,29.8,67,71,45
2024-08-12,10:00,1,0,,13.14,1003,29.9,72,62,0
2024-08-12,11:00,1,0,,13.14,1003,30.9,67,49,0
2024-08-12,12:00,1,0,,10.18,1003,31.3,66,47,0
2024-08-12,13:00,1,0,,10.18,1003,31.6,65,46,0
2024-08-12,14:00,1,0,,10.18,1003,31.3,66,31,0
2024-08-12,15:00,1,0,,13.14,1003,31.2,66,44,0
2024-08-12,16:00,1,0,,10.18,1003,30.5,68,43,0
2024-08-12,17:00,1,0,,7.96,1003,30.3,69,46,0
2024-08-12,18:00,1,0,,5.0,1003,29.8,71,47,0
2024-08-12,19:00,1,0,,5.0,1003,29.4,75,33,0
2024-08-12,20:00,1,0,,5.0,1000,29.1,78,17,0
2024-08-12,21:00,1,0,,5.0,1000,28.7,79,15,0
2024-08-12,22:00,1,0,,5.0,1000,28.5,80,25,0
2024-08-13,10:00,0,0,,5.0,1063,31.2,65,77,100
2024-08-13,11:00,0,0,,5.0,1063,31.5,62,75,45
2024-08-13,12:00,0,0,,5.0,1000,32.1,59,5,0
2024-08-13,13:00,0,0,,5.0,1000,32.8,54,5,45
2024-08-13,14:00,0,0,,5.0,1000,33.3,52,6,45
2024-08-13,15:00,0,0,,5.0,1000,33.3,52,6,45
2024-08-13,16:00,0,0,,5.0,1000,32.8,54,5,45
2024-08-13,17:00,0,0,,5.0,1000,32.0,57,5,45
2024-08-13,18:00,0,0,,5.0,1000,31.1,61,5,45
2024-08-13,19:00,0,0,,5.0,1000,30.3,67,5,0
2024-08-13,20:00,0,0,,5.0,1000,29.7,71,5,0
2024-08-13,21:00,0,0,,5.0,1000,29.3,74,12,0
2024-08-13,22:00,0,0,,5.0,1000,28.9,76,9,0
2024-08-14,10:00,0,0,,5.0,1000,31.2,61,19,45
2024-08-14,11:00,0,0,,12.4,1000,31.9,58,9,0
2024-08-14,12:00,0,0,,12.4,1000,32.7,54,6,45
2024-08-14,13:00,0,0,,12.4,1000,33.3,53,9,45
2024-08-14,14:00,0,0,,12.4,1000,33.0,55,18,45
2024-08-14,15:00,0,0,,12.4,1063,32.4,59,78,45
2024-08-14,16:00,0,0,,5.0,1000,32.1,60,19,45
2024-08-14,17:00,0,0,,5.0,1000,31.5,61,10,0
2024-08-14,18:00,0,0,,5.0,1000,30.9,62,14,0
2024-08-14,19:00,0,0,,5.0,1000,30.1,65,12,0
2024-08-14,20:00,0,0,,5.0,1000,29.5,69,12,0
2024-08-14,21:00,0,0,,5.0,1000,29.0,72,22,0
2024-08-14,22:00,0,0,,5.0,1000,28.7,74,12,0
2024-08-24,19:00,1,0,,10.18,1000,28.6,73,21,0
2024-08-24,20:00,1,0,,5.0,1003,28.4,74,27,0
2024-08-24,21:00,1,0,,5.0,1003,28.3,75,45,0
2024-08-24,22:00,1,0,,5.0,1003,28.1,76,47,0
2024-08-25,10:00,1,0,,5.0,1063,30.2,66,75,45
2024-08-25,11:00,1,0,,7.96,1063,30.7,64,85,45
2024-08-25,12:00,1,0,,7.96,1063,31.1,62,73,45
2024-08-25,13:00,1,0,,7.96,1003,31.4,60,32,45
2024-08-25,14:00,1,0,,14.62,1000,31.4,60,17,45
2024-08-25,15:00,1,0,,7.96,1000,31.1,62,13,45
2024-08-25,16:00,1,0,,14.62,1000,30.5,65,15,45
2024-08-25,17:00,1,0,,79.0,1000,29.8,69,17,45
2024-08-25,18:00,1,0,,79.0,1000,29.0,73,13,0
2024-08-25,19:00,1,0,,70.12,1003,28.4,76,36,0
2024-08-25,20:00,1,0,,57.54,1003,28.0,77,51,45
2024-08-25,21:00,1,0,,50.88,1003,27.8,77,47,45
2024-08-25,22:00,1,0,,25.72,1003,27.5,78,40,45
2024-08-26,10:00,0,0,,5.0,1063,29.0,68,61,45
2024-08-26,11:00,0,0,,5.0,1150,29.8,64,74,100
2024-08-26,12:00,0,0,,5.0,1063,30.4,62,86,45
2024-08-26,13:00,0,0,,5.0,1063,30.6,61,72,45
2024-08-26,14:00,0,0,,5.0,1063,30.7,61,87,45
2024-08-26,15:00,0,0,,5.0,1063,30.6,62,70,45
2024-08-26,16:00,0,0,,8.7,1000,30.4,62,10,45
2024-08-26,17:00,0,0,,8.7,1000,29.9,65,20,45
2024-08-26,18:00,0,0,,5.0,1000,29.3,68,22,45
2024-08-26,19:00,0,0,,8.7,1063,28.7,71,86,45
2024-08-26,20:00,0,0,,8.7,1063,28.3,74,76,45
2024-08-26,21:00,0,0,,8.7,1003,27.9,77,28,45
2024-08-26,22:00,0,0,,8.7,1063,27.6,77,88,45
2024-08-27,10:00,0,0,,6.48,1240,29.6,66,53,100
2024-08-27,11:00,0,0,,7.96,1150,30.1,65,72,100
2024-08-27,12:00,0,0,,7.96,1063,30.2,65,87,100
2024-08-27,13:00,0,0,,7.96,1150,30.3,64,82,100
2024-08-27,14:00,0,0,,7.96,1063,30.2,65,70,100
2024-08-27,15:00,0,0,,7.96,1063,30.0,66,75,100
2024-08-27,16:00,0,0,,7.96,1063,29.6,67,84,45
2024-08-27,17:00,0,0,,11.66,1063,29.1,69,87,45
2024-08-27,18:00,0,1,ACTORS☆LEAGUE in Dance 2024,22.02,1063,28.5,72,77,45
2024-08-27,19:00,0,0,,26.46,1063,28.0,74,79,45
2024-08-27,20:00,0,0,,18.32,1063,27.8,74,75,100
2024-08-27,21:00,0,0,,14.62,1063,27.6,75,81,45
2024-08-27,22:00,0,0,,13.14,1063,27.4,76,76,45
2024-08-28,10:00,0,0,,5.0,1063,29.8,64,53,45
2024-08-28,11:00,0,0,,5.0,1063,30.3,62,80,45
2024-08-28,12:00,0,0,,5.0,1063,30.7,60,77,45
2024-08-28,13:00,0,0,,5.0,1063,31.0,58,59,45
2024-08-28,14:00,0,0,,5.0,1003,31.1,58,46,45
2024-08-28,15:00,0,0,,5.0,1003,30.9,58,31,45
2024-08-28,16:00,0,0,,5.0,1000,30.4,58,19,0
2024-08-28,17:00,0,0,,5.0,1000,30.0,59,14,0
2024-08-28,18:00,0,0,,5.0,1000,29.2,62,13,0
2024-08-28,19:00,0,0,,5.0,1000,28.7,64,12,0
2024-08-28,20:00,0,0,,5.0,1000,28.4,65,12,0
2024-08-28,21:00,0,0,,5.0,1000,28.0,67,10,0
2024-08-28,22:00,0,0,,5.0,1000,27.7,70,9,0
2024-08-29,10:00,0,0,,5.0,1063,29.2,64,77,45
2024-08-29,11:00,0,0,,5.0,1063,30.0,59,89,45
2024-08-29,12:00,0,0,,5.0,1063,30.8,55,83,45
2024-08-29,13:00,0,0,,5.0,1063,31.2,54,79,45
2024-08-29,14:00,0,0,,5.0,1063,31.3,55,83,45
2024-08-29,15:00,0,0,,5.0,1063,30.9,58,88,45
2024-08-29,16:00,0,0,,5.0,1063,30.5,60,80,45
2024-08-29,17:00,0,0,,5.0,1150,30.0,63,83,100
2024-08-29,18:00,0,0,,5.0,1063,29.1,67,86,100
2024-08-29,19:00,0,0,,5.0,1150,28.4,70,52,100
2024-08-29,20:00,0,0,,5.0,1240,28.2,71,65,100
2024-08-29,21:00,0,0,,5.0,1150,27.9,72,71,100
2024-08-29,22:00,0,0,,5.0,1063,27.8,72,70,100
2024-08-30,10:00,0,0,,5.0,1195,25.5,94,100,100
2024-08-30,11:00,0,0,,5.0,1189,25.8,94,100,100
2024-08-30,12:00,0,0,,5.0,1195,25.8,94,100,100
2024-08-30,13:00,0,0,,5.0,1189,25.7,94,100,100
2024-08-30,14:00,0,0,,5.0,1240,26.0,90,100,100
2024-08-30,15:00,0,0,,5.0,1063,26.3,87,84,100
2024-08-30,16:00,0,0,,5.0,1063,26.4,85,85,100
2024-08-30,17:00,0,0,,5.0,1063,26.3,85,85,45
2024-08-30,18:00,0,0,,5.0,1240,26.2,86,71,100
2024-08-30,19:00,0,0,,5.0,1063,26.0,86,65,100
2024-08-30,20:00,0,0,,5.0,1063,26.0,86,84,45
2024-08-30,21:00,0,0,,5.0,1009,26.0,86,100,0
2024-08-30,22:00,0,0,,5.0,1009,26.0,86,97,0
2024-08-31,10:00,1,0,,5.0,1150,26.1,92,75,100
2024-08-31,11:00,1,0,,6.48,1063,26.8,88,71,100
2024-08-31,12:00,1,0,,6.48,1150,26.7,88,51,100
2024-08-31,13:00,1,0,,6.48,1150,27.2,85,83,100
2024-08-31,14:00,1,0,,6.48,1063,27.8,83,78,45
2024-08-31,15:00,1,0,,6.48,1153,27.5,84,87,100
2024-08-31,16:00,1,0,,6.48,1240,27.3,85,84,100
2024-09-01,10:00,1,0,,5.0,1240,29.4,71,75,100
2024-09-01,11:00,1,0,,6.48,1153,30.0,69,76,100
2024-09-01,12:00,1,0,,7.22,1063,30.0,69,75,45
2024-09-01,13:00,1,0,,8.7,1063,29.5,72,61,45
2024-09-01,14:00,1,0,,8.7,1063,29.4,72,79,100
2024-09-01,15:00,1,0,,11.66,1063,29.2,73,83,45
2024-09-01,16:00,1,1,(G)I-DLE,25.72,1063,28.6,76,100,45
2024-09-01,17:00,1,0,,25.72,1063,28.0,79,53,45
2024-09-01,18:00,1,0,,20.54,1063,27.8,80,61,45
2024-09-01,19:00,1,0,,24.24,1063,27.9,80,51,100
2024-09-01,20:00,1,0,,17.58,1063,27.9,80,78,45
2024-09-01,21:00,1,0,,7.22,1063,27.6,82,51,45
2024-09-01,22:00,1,0,,5.0,1063,27.6,82,60,100
2024-09-02,10:00,0,0,,6.48,1000,30.3,64,10,0
2024-09-02,11:00,0,0,,5.0,1000,30.8,63,8,0
2024-09-02,12:00,0,0,,5.0,1000,31.2,62,8,0
2024-09-02,13:00,0,0,,6.48,1000,31.3,61,7,0
2024-09-02,14:00,0,0,,6.48,1000,31.2,62,8,0
2024-09-02,15:00,0,0,,6.48,1063,30.8,64,74,45
2024-09-02,16:00,0,0,,6.48,1063,30.3,67,76,45
2024-09-02,17:00,0,0,,5.0,1000,29.7,70,12,0
2024-09-02,18:00,0,0,,5.0,1000,29.0,73,14,0
2024-09-02,19:00,0,0,,6.48,1000,28.7,75,16,0
2024-09-02,20:00,0,0,,5.0,1000,28.6,76,21,0
2024-09-02,21:00,0,0,,5.0,1063,28.3,77,87,45
2024-09-02,22:00,0,0,,5.0,1063,28.1,78,78,100
2024-09-03,10:00,0,0,,5.0,1243,23.8,92,100,100
2024-09-03,11:00,0,0,,5.0,1189,23.7,92,100,100
2024-09-03,12:00,0,0,,6.48,1243,23.7,92,100,100
2024-09-03,13:00,0,0,,7.22,1195,23.7,92,94,100
2024-09-03,14:00,0,0,,8.7,1243,23.3,89,100,100
2024-09-03,15:00,0,0,,26.46,1240,23.4,84,74,100
2024-09-03,16:00,0,0,,75.3,1153,23.6,81,77,100
2024-09-03,17:00,0,0,,79.0,1153,23.2,84,99,100
2024-09-03,18:00,0,0,,79.0,1240,23.0,87,100,100
2024-09-03,19:00,0,0,,79.0,1063,23.3,86,100,45
2024-09-03,20:00,0,0,,74.56,1240,23.5,86,100,100
2024-09-03,21:00,0,0,,71.6,1063,23.6,87,100,100
2024-09-03,22:00,0,0,,32.38,1063,23.8,87,100,45
2024-09-04,10:00,0,0,,5.0,1063,25.8,69,100,45
2024-09-04,11:00,0,0,,5.0,1063,26.3,68,100,45
2024-09-04,12:00,0,0,,5.0,1063,26.0,69,100,45
2024-09-04,13:00,0,0,,5.0,1063,25.6,71,100,45
2024-09-04,14:00,0,0,,5.0,1009,25.9,71,89,45
2024-09-04,15:00,0,0,,5.0,1063,26.4,71,89,45
2024-09-04,16:00,0,0,,5.0,1063,25.9,75,93,45
2024-09-04,17:00,0,0,,5.0,1063,25.3,79,86,100
2024-09-04,18:00,0,0,,5.0,1063,25.1,81,89,100
2024-09-04,19:00,0,0,,5.0,1063,24.9,82,93,45
2024-09-04,20:00,0,0,,5.0,1063,24.6,83,100,45
2024-09-04,21:00,0,0,,5.0,1063,24.5,83,94,45
2024-09-04,22:00,0,0,,5.0,1063,24.4,84,87,45
2024-09-05,10:00,0,0,,5.0,1000,26.7,64,14,0
2024-09-05,11:00,0,0,,5.0,1000,27.6,60,13,0
2024-09-05,12:00,0,0,,6.48,1000,28.4,57,6,0
2024-09-05,13:00,0,0,,6.48,1000,29.1,54,4,0
2024-09-05,14:00,0,0,,5.0,1000,29.7,51,4,0
2024-09-05,15:00,0,0,,5.0,1000,29.9,51,4,0
2024-09-05,16:00,0,0,,5.0,1000,29.4,55,4,45
2024-09-05,17:00,0,0,,5.0,1000,28.5,62,3,45
2024-09-05,18:00,0,0,,5.0,1000,27.7,67,3,0
2024-09-05,19:00,0,0,,5.0,1000,27.3,70,3,0
2024-09-05,20:00,0,0,,5.0,1003,26.8,74,25,0
2024-09-05,21:00,0,0,,5.0,1003,26.3,77,49,0
2024-09-05,22:00,0,0,,5.0,1003,26.0,79,57,45
2024-09-06,10:00,0,0,,5.0,1000,29.2,62,13,0
2024-09-06,11:00,0,0,,5.0,1000,29.9,59,9,0
2024-09-06,12:00,0,0,,5.0,1000,30.5,57,5,0
2024-09-06,13:00,0,0,,5.0,1000,31.0,55,6,0
2024-09-06,14:00,0,0,,5.0,1000,31.4,54,8,0
2024-09-06,15:00,0,0,,5.0,1000,31.5,54,9,0
2024-09-06,16:00,0,0,,5.0,1000,31.0,56,10,45
2024-09-06,17:00,0,0,,5.0,1000,30.2,60,11,0
2024-09-06,18:00,0,0,,5.0,1000,29.1,64,9,0
2024-09-06,19:00,0,0,,5.0,1000,28.9,67,7,0
2024-09-06,20:00,0,0,,5.0,1000,28.5,70,7,45
2024-09-06,21:00,0,0,,5.0,1000,28.1,73,7,45
2024-09-06,22:00,0,0,,5.0,1000,27.8,74,8,45
2024-09-07,10:00,1,0,,5.0,1000,30.3,62,12,0
2024-09-07,11:00,1,0,,6.48,1000,31.0,58,7,0
2024-09-07,12:00,1,0,,6.48,1000,31.6,56,11,0
2024-09-07,13:00,1,0,,6.48,1000,32.0,54,12,0
2024-09-07,14:00,1,0,,7.96,1000,31.9,54,10,0
2024-09-07,15:00,1,0,,6.48,1000,31.7,54,7,0
2024-09-07,16:00,1,0,,6.48,1000,31.3,55,7,0
2024-09-07,17:00,1,0,,13.14,1000,30.7,58,6,0
2024-09-07,18:00,1,1,"Jun. K, NICHKHUN, WOOYOUNG (From 2PM)",23.5,1000,29.7,64,6,0
2024-09-07,19:00,1,0,,24.24,1000,29.1,68,5,0
2024-09-07,20:00,1,0,,23.5,1000,28.6,71,4,0
2024-09-07,21:00,1,0,,18.32,1000,28.3,73,4,0
2024-09-07,22:00,1,0,,8.7,1000,28.0,75,3,0
2024-09-08,10:00,1,0,,5.0,1003,30.3,63,29,45
2024-09-08,11:00,1,0,,5.0,1000,30.9,60,20,45
2024-09-08,12:00,1,0,,5.0,1063,31.3,59,78,45
2024-09-08,13:00,1,0,,6.48,1063,31.3,59,78,45
2024-09-08,14:00,1,0,,6.48,1063,31.0,60,66,45
2024-09-08,15:00,1,0,,16.1,1006,30.9,60,65,45
2024-09-08,16:00,1,1,"Jun. K, NICHKHUN, WOOYOUNG (From 2PM)",30.16,1006,30.6,60,81,45
2024-09-08,17:00,1,0,,30.16,1003,30.0,61,45,45
2024-09-08,18:00,1,0,,19.06,1003,29.3,63,26,0
2024-09-08,19:00,1,0,,17.58,1000,28.8,67,20,0
2024-09-08,20:00,1,0,,8.7,1000,28.3,71,18,0
2024-09-08,21:00,1,0,,6.48,1000,28.0,74,16,0
2024-09-08,22:00,1,0,,6.48,1000,27.6,76,22,0
2024-09-09,10:00,0,0,,5.0,1063,29.9,60,73,45
2024-09-09,11:00,0,0,,5.0,1063,30.8,55,89,45
2024-09-09,12:00,0,0,,5.0,1063,31.6,51,72,45
2024-09-10,10:00,0,0,,5.0,1003,29.1,67,26,45
2024-09-10,11:00,0,0,,5.0,1000,30.0,61,11,45
2024-09-10,12:00,0,0,,6.48,1000,31.0,57,12,45
2024-09-10,13:00,0,0,,6.48,1000,31.7,55,10,45
2024-09-10,14:00,0,0,,6.48,1000,31.8,55,10,45
2024-09-10,15:00,0,0,,5.0,1000,31.7,56,10,45
2024-09-10,16:00,0,0,,5.0,1000,31.2,59,9,45
2024-09-10,17:00,0,0,,5.0,1000,30.6,62,10,45
2024-09-10,18:00,0,0,,5.0,1000,29.8,66,19,45
2024-09-10,19:00,0,0,,5.0,1000,29.3,71,12,0
2024-09-10,20:00,0,0,,5.0,1000,28.8,73,16,0
2024-09-10,21:00,0,0,,5.0,1003,28.5,75,28,0
2024-09-10,22:00,0,0,,5.0,1003,28.3,77,34,0
2024-09-11,10:00,0,0,,5.0,1000,30.5,65,19,45
2024-09-11,11:00,0,0,,6.48,1000,31.0,63,8,0
2024-09-11,12:00,0,0,,5.0,1000,31.5,60,11,0
2024-09-11,13:00,0,0,,5.0,1000,31.8,58,7,0
2024-09-11,14:00,0,0,,5.0,1000,32.0,56,7,45
2024-09-11,15:00,0,0,,5.0,1000,32.0,56,7,45
2024-09-11,16:00,0,0,,5.0,1000,31.4,58,7,45
2024-09-11,17:00,0,0,,5.0,1000,30.5,63,7,45
2024-09-11,18:00,0,0,,5.0,1000,29.6,68,9,45
2024-09-11,19:00,0,0,,5.0,1000,29.2,71,14,0
2024-09-11,20:00,0,0,,6.48,1000,28.8,73,8,0
2024-09-11,21:00,0,0,,5.0,1000,28.6,74,9,0
2024-09-11,22:00,0,0,,5.0,1000,28.4,75,11,0
2024-09-12,10:00,0,0,,5.0,1003,30.5,66,46,45
2024-09-12,11:00,0,0,,5.0,1003,30.9,64,28,45
2024-09-12,12:00,0,0,,5.0,1000,31.3,63,15,45
2024-09-12,13:00,0,0,,5.0,1000,31.3,63,10,0
2024-09-12,14:00,0,0,,5.0,1000,31.3,62,13,0
2024-09-12,15:00,0,0,,5.0,1000,31.2,62,13,0
2024-09-12,16:00,0,0,,5.0,1000,30.8,63,7,0
2024-09-12,17:00,0,0,,5.0,1000,30.2,65,6,0
2024-09-12,18:00,0,0,,5.0,1000,29.4,69,6,0
2024-09-12,19:00,0,0,,5.0,1000,28.9,72,9,0
2024-09-12,20:00,0,0,,5.0,1000,28.6,73,11,0
2024-09-12,21:00,0,0,,5.0,1000,28.4,74,6,0
2024-09-13,10:00,0,0,,5.0,1063,30.4,65,74,45
2024-09-13,11:00,0,0,,5.0,1000,30.9,62,6,0
2024-09-13,12:00,0,0,,5.0,1000,31.5,60,2,0
2024-09-13,13:00,0,0,,5.0,1000,31.5,59,0,0
2024-09-13,14:00,0,0,,5.0,1000,31.4,59,0,0
2024-09-13,15:00,0,0,,5.0,1000,31.0,61,0,0
2024-09-13,16:00,0,0,,5.0,1000,30.5,62,0,0
2024-09-13,17:00,0,0,,5.0,1000,29.9,65,3,0
2024-09-13,18:00,0,0,,5.0,1000,29.3,69,6,0
2024-09-13,19:00,0,0,,5.0,1000,29.2,69,8,0
2024-09-13,20:00,0,0,,5.0,1000,29.1,69,11,0
2024-09-13,21:00,0,0,,5.0,1000,28.8,70,13,0
2024-09-13,22:00,0,0,,5.0,1000,28.6,71,15,0
2024-09-14,10:00,1,0,,5.0,1063,30.1,64,72,45
2024-09-14,11:00,1,0,,5.0,1000,31.0,60,1,45
2024-09-14,12:00,1,0,,5.0,1000,31.7,58,3,45
2024-09-14,13:00,1,0,,5.0,1000,31.8,58,3,0
2024-09-14,14:00,1,0,,5.0,1000,31.7,58,2,0
2024-09-14,15:00,1,0,,5.0,1000,31.3,60,7,0
2024-09-14,16:00,1,0,,5.0,1000,30.9,62,4,0
2024-09-14,17:00,1,0,,5.0,1000,30.3,66,8,0
2024-09-14,18:00,1,0,,5.0,1000,29.6,70,7,0
2024-09-14,19:00,1,0,,5.0,1000,29.3,72,7,0
2024-09-14,20:00,1,0,,5.0,1000,29.1,75,6,0
2024-09-14,21:00,1,0,,5.0,1000,28.8,77,12,0
2024-09-14,22:00,1,0,,5.0,1000,28.6,77,12,0
2024-09-15,10:00,1,0,,5.0,1003,30.7,63,27,0
2024-09-15,11:00,1,0,,6.48,1003,30.6,63,34,0
2024-09-15,12:00,1,0,,6.48,1003,30.2,65,52,0
2024-09-15,13:00,1,0,,5.0,1003,30.7,64,61,0
2024-09-15,14:00,1,0,,5.0,1003,30.9,62,58,0
2024-09-15,15:00,1,0,,5.0,1003,31.4,60,48,0
2024-09-15,16:00,1,0,,5.0,1003,31.1,60,46,0
2024-09-15,17:00,1,0,,5.0,1003,30.4,62,57,0
2024-09-15,18:00,1,0,,5.0,1003,30.0,64,52,0
2024-09-15,19:00,1,0,,5.0,1003,29.8,66,54,0
2024-09-15,20:00,1,0,,5.0,1003,29.7,66,47,0
2024-09-15,21:00,1,0,,5.0,1003,29.5,68,45,0
2024-09-15,22:00,1,0,,5.0,1063,29.2,70,57,45
2024-09-16,10:00,1,0,,6.48,1240,26.3,85,100,100
2024-09-16,11:00,1,0,,6.48,1240,26.2,84,100,100
2024-09-16,12:00,1,0,,5.0,1240,25.7,83,96,100
2024-09-16,13:00,1,0,,5.0,1063,25.6,81,95,45
2024-09-16,14:00,1,0,,5.0,1063,25.7,81,100,45
2024-09-16,15:00,1,0,,6.48,1240,25.7,80,100,100
2024-09-16,16:00,1,0,,6.48,1063,25.4,80,100,45
2024-09-16,17:00,1,0,,6.48,1063,25.1,80,100,45
2024-09-16,18:00,1,0,,5.0,1063,24.9,79,100,45
2024-09-16,19:00,1,0,,5.0,1063,24.7,79,100,45
2024-09-16,20:00,1,0,,5.0,1009,24.6,79,100,45
2024-09-16,21:00,1,0,,5.0,1063,24.5,79,100,45
2024-09-16,22:00,1,0,,5.0,1063,24.4,79,100,45
2024-09-17,10:00,0,0,,5.0,1003,28.5,67,30,45
2024-09-17,11:00,0,0,,5.0,1003,29.5,64,28,45
2024-09-17,12:00,0,0,,5.0,1000,30.3,62,18,45
2024-09-17,13:00,0,0,,5.0,1000,30.7,61,11,0
2024-09-17,14:00,0,0,,5.0,1000,30.8,61,17,0
2024-09-17,15:00,0,0,,5.0,1000,30.7,61,15,0
2024-09-17,16:00,0,0,,5.0,1000,30.2,64,9,0
2024-09-17,17:00,0,0,,5.0,1000,29.5,66,9,0
2024-09-17,18:00,0,0,,5.0,1000,28.9,68,8,0
2024-09-17,19:00,0,0,,5.0,1000,28.6,69,11,0
2024-09-17,20:00,0,0,,5.0,1000,28.4,70,9,0
2024-09-17,21:00,0,0,,5.0,1000,28.2,71,11,0
2024-09-17,22:00,0,0,,5.0,1000,28.2,73,12,0
2024-09-18,10:00,0,0,,7.22,1003,30.9,64,61,45
2024-09-18,11:00,0,0,,11.66,1063,31.5,62,52,45
2024-09-18,12:00,0,0,,11.66,1063,31.4,61,62,45
2024-09-18,13:00,0,0,,10.18,1006,31.3,62,66,45
2024-09-18,14:00,0,0,,7.22,1063,30.9,64,85,45
2024-09-18,15:00,0,0,,7.22,1003,31.0,63,39,45
2024-09-18,16:00,0,0,,6.48,1003,31.0,62,38,0
2024-09-18,17:00,0,0,,5.0,1003,30.8,62,25,0
2024-09-18,18:00,0,0,,5.0,1063,30.5,64,88,45
2024-09-18,19:00,0,0,,5.0,1063,30.1,66,78,45
2024-09-18,20:00,0,0,,5.0,1063,29.8,68,84,45
2024-09-18,21:00,0,0,,5.0,1150,29.4,71,61,100
2024-09-18,22:00,0,0,,5.0,1063,27.9,79,53,45
2024-09-19,10:00,0,0,,5.0,1063,30.0,69,75,45
2024-09-19,11:00,0,0,,5.0,1063,30.7,64,80,45
2024-09-19,12:00,0,0,,5.0,1063,31.6,60,83,45
2024-09-19,13:00,0,0,,5.0,1153,32.1,58,94,100
2024-09-19,14:00,0,0,,5.0,1240,31.2,62,84,100
2024-09-19,15:00,0,0,,5.0,1240,29.7,68,68,100
2024-09-19,16:00,0,0,,5.0,1240,28.7,73,69,100
2024-09-19,17:00,0,0,,5.0,1240,27.9,77,66,100
2024-09-19,18:00,0,0,,5.0,1063,27.5,78,63,45
2024-09-19,19:00,0,0,,5.0,1003,27.5,78,54,0
2024-09-19,20:00,0,0,,5.0,1003,27.3,80,61,45
2024-09-19,21:00,0,0,,5.0,1063,27.2,81,55,100
2024-09-19,22:00,0,0,,5.0,1003,26.9,82,58,45
2024-09-20,10:00,0,0,,5.0,1003,29.9,68,41,0
2024-09-20,11:00,0,0,,5.0,1003,30.7,65,26,0
2024-09-20,12:00,0,0,,5.0,1000,31.6,61,23,0
2024-09-20,13:00,0,0,,5.0,1000,32.1,59,19,0
2024-09-20,14:00,0,0,,5.0,1000,32.1,59,14,0
2024-09-20,15:00,0,0,,5.0,1000,31.9,59,10,0
2024-09-20,16:00,0,0,,5.0,1000,31.8,59,7,0
2024-09-20,17:00,0,0,,5.0,1000,31.6,59,6,0
2024-09-20,18:00,0,0,,5.0,1000,31.4,59,5,0
2024-09-20,19:00,0,0,,5.0,1000,31.5,58,5,0
2024-09-20,20:00,0,0,,5.0,1000,31.3,59,5,0
2024-09-20,21:00,0,0,,6.48,1000,30.7,62,6,0
2024-09-20,22:00,0,0,,6.48,1000,30.5,64,7,0
2024-09-21,10:00,1,0,,6.48,1000,31.1,60,10,0
2024-09-21,11:00,1,0,,6.48,1000,31.4,58,8,0
2024-09-21,12:00,1,0,,9.44,1000,31.0,60,8,0
2024-09-21,13:00,1,1,Blue Note JAZZ FESTIVAL in JAPAN 2024,22.76,1003,31.6,59,51,45
2024-09-21,14:00,1,0,,35.34,1006,30.2,63,66,45
2024-09-21,15:00,1,0,,39.78,1006,28.1,71,75,45
2024-09-21,16:00,1,0,,54.58,1006,27.6,73,68,45
2024-09-21,17:00,1,0,,56.06,1006,27.6,74,69,0
2024-09-21,18:00,1,0,,44.22,1006,27.3,75,86,45
2024-09-21,19:00,1,0,,45.7,1003,26.6,78,52,45
2024-09-21,20:00,1,0,,39.78,1063,26.2,80,78,45
2024-09-21,21:00,1,0,,38.3,1063,26.1,81,100,45
2024-09-21,22:00,1,0,,12.4,1063,25.7,81,100,45
2024-09-22,10:00,1,0,,6.48,1240,27.6,76,75,100
2024-09-22,11:00,1,0,,6.48,1063,27.8,70,91,45
2024-09-22,12:00,1,0,,9.44,1063,26.7,69,74,45
2024-09-22,13:00,1,1,Blue Note JAZZ FESTIVAL in JAPAN 2024,22.76,1000,28.2,62,14,0
2024-09-22,14:00,1,0,,42.0,1000,29.0,57,20,0
2024-09-22,15:00,1,0,,47.18,1003,29.4,54,42,0
2024-09-22,16:00,1,0,,54.58,1063,29.3,54,68,100
2024-09-22,17:00,1,0,,56.8,1063,28.7,56,86,100
2024-09-22,18:00,1,0,,66.42,1063,28.2,60,73,100
2024-09-22,19:00,1,0,,67.9,1063,26.9,66,68,100
2024-09-22,20:00,1,0,,64.94,1063,25.6,69,89,45
2024-09-22,21:00,1,0,,59.76,1063,25.0,71,100,45
2024-09-22,22:00,1,0,,16.1,1153,24.6,72,100,100
2024-09-23,10:00,1,0,,6.48,1153,21.5,75,87,100
2024-09-23,11:00,1,0,,6.48,1063,21.7,73,75,45
2024-09-23,12:00,1,0,,6.48,1063,22.0,69,80,45
2024-09-23,13:00,1,0,,6.48,1006,23.1,62,73,45
2024-09-23,14:00,1,0,,7.96,1063,24.2,57,95,45
2024-09-23,15:00,1,0,,7.96,1063,24.2,57,94,45
2024-09-23,16:00,1,0,,6.48,1006,23.8,59,74,45
2024-09-23,17:00,1,0,,19.06,1006,23.2,62,86,45
2024-09-23,18:00,1,1,Sammy Hagar,58.28,1063,22.8,63,90,45
2024-09-23,19:00,1,0,,79.0,1003,22.7,63,42,45
2024-09-23,20:00,1,0,,76.78,1003,22.7,63,59,45
2024-09-23,21:00,1,0,,36.82,1063,22.6,63,71,45
2024-09-23,22:00,1,0,,10.92,1003,22.5,63,48,45
2024-09-25,10:00,0,0,,5.0,1003,23.7,54,30,0
2024-09-25,11:00,0,0,,5.0,1003,24.7,53,42,45
2024-09-25,12:00,0,0,,5.0,1003,25.2,53,42,0
2024-09-25,13:00,0,0,,5.0,1003,25.3,53,41,0
2024-09-25,14:00,0,0,,5.0,1003,25.3,54,59,0
2024-09-25,15:00,0,0,,5.0,1009,25.4,55,100,0
2024-09-25,16:00,0,0,,5.0,1063,25.3,59,100,45
2024-09-25,17:00,0,0,,5.0,1009,24.8,62,100,45
2024-09-25,18:00,0,0,,5.0,1009,24.1,66,100,0
2024-09-25,19:00,0,0,,5.0,1063,23.7,70,100,45
2024-09-25,20:00,0,0,,5.0,1063,23.6,73,100,45
2024-09-25,21:00,0,0,,5.0,1063,23.5,73,100,45
2024-09-25,22:00,0,0,,6.48,1009,23.5,73,96,0
2024-09-26,10:00,0,0,,5.0,1003,26.0,65,56,0
2024-09-26,11:00,0,0,,5.0,1003,27.0,61,51,0
2024-09-26,12:00,0,0,,5.0,1003,27.9,58,28,0
2024-09-26,13:00,0,0,,6.48,1003,28.5,56,28,0
2024-09-26,14:00,0,0,,6.48,1003,29.0,54,61,0
2024-09-26,15:00,0,0,,6.48,1063,29.0,55,75,45
2024-09-26,16:00,0,0,,6.48,1003,28.6,57,61,45
2024-09-26,17:00,0,0,,5.0,1003,27.8,61,43,45
2024-09-26,18:00,0,0,,5.0,1003,27.1,66,30,45
2024-09-26,19:00,0,0,,5.0,1000,26.5,69,17,0
2024-09-26,20:00,0,0,,5.0,1000,25.9,72,23,0
2024-09-26,21:00,0,0,,5.0,1003,25.4,74,33,45
2024-09-26,22:00,0,0,,5.0,1003,25.2,75,45,0
2024-09-27,10:00,0,0,,7.22,1003,26.7,67,61,45
2024-09-27,11:00,0,0,,7.22,1063,27.8,62,55,45
2024-09-27,12:00,0,0,,7.22,1003,28.8,58,46,45
2024-09-27,13:00,0,0,,7.22,1063,29.4,56,97,45
2024-09-27,14:00,0,0,,8.7,1240,29.0,58,98,100
2024-09-27,15:00,0,0,,7.22,1063,28.2,63,64,45
2024-09-27,16:00,0,0,,7.22,1063,28.2,63,64,45
2024-09-27,17:00,0,0,,8.7,1063,27.7,65,75,45
2024-09-27,18:00,0,0,,10.92,1063,26.7,70,88,100
2024-09-27,19:00,0,1,OLIVIA RODRIGO,39.04,1063,26.0,74,71,45
2024-09-27,20:00,0,0,,42.74,1240,25.6,77,77,100
2024-09-27,21:00,0,0,,31.64,1183,25.2,79,83,100
2024-09-27,22:00,0,0,,14.62,1183,24.8,82,78,100
2024-09-28,10:00,1,0,,5.0,1006,25.2,73,66,45
2024-09-28,11:00,1,0,,7.22,1006,25.9,70,86,45
2024-09-28,12:00,1,0,,7.22,1009,26.3,68,90,45
2024-09-28,13:00,1,0,,7.22,1063,26.5,66,80,45
2024-09-28,14:00,1,0,,7.22,1153,26.2,68,92,100
2024-09-28,15:00,1,0,,8.7,1240,25.2,72,77,100
2024-09-28,16:00,1,0,,7.22,1150,24.1,78,62,100
2024-09-28,17:00,1,0,,20.54,1183,23.2,83,76,100
2024-09-28,18:00,1,1,OLIVIA RODRIGO,41.26,1240,22.9,84,78,100
2024-09-28,19:00,1,0,,42.74,1240,22.7,85,68,100
2024-09-28,20:00,1,0,,33.12,1063,22.6,84,69,100
2024-09-28,21:00,1,0,,14.62,1240,22.6,82,77,100
2024-09-28,22:00,1,0,,7.22,1180,22.5,83,65,100
2024-09-29,10:00,1,0,,5.0,1153,22.0,80,100,100
2024-09-29,11:00,1,0,,7.22,1153,22.0,80,100,100
2024-09-29,12:00,1,0,,7.22,1240,22.1,79,100,100
2024-09-29,13:00,1,0,,7.22,1063,22.5,76,100,100
2024-09-29,14:00,1,0,,5.0,1063,22.8,73,100,100
2024-09-29,15:00,1,0,,7.22,1063,22.9,72,100,45
2024-09-29,16:00,1,0,,7.22,1009,22.9,70,100,45
2024-09-29,17:00,1,0,,5.0,1009,22.9,69,100,0
2024-09-29,18:00,1,0,,5.0,1009,22.6,69,100,0
2024-09-29,19:00,1,0,,7.22,1009,22.3,70,100,0
2024-09-29,20:00,1,0,,5.0,1009,22.0,70,92,0
2024-09-29,21:00,1,0,,7.22,1009,21.9,70,90,0
2024-09-29,22:00,1,0,,5.0,1006,21.7,70,85,0
2024-09-30,10:00,0,0,,7.22,1006,23.9,59,76,45
2024-09-30,11:00,0,0,,7.22,1003,24.6,56,50,45
2024-09-30,12:00,0,0,,7.22,1006,25.0,55,80,45
2024-09-30,13:00,0,0,,5.0,1006,25.1,55,84,45
2024-09-30,14:00,0,0,,5.0,1063,24.7,57,77,45
2024-09-30,15:00,0,0,,7.22,1063,24.2,60,57,45
2024-09-30,16:00,0,0,,7.22,1003,23.9,61,50,0
2024-10-02,10:00,0,0,,5.0,1000,26.4,61,4,0
2024-10-02,11:00,0,0,,5.0,1000,27.2,59,4,0
2024-10-02,12:00,0,0,,5.0,1000,28.1,57,4,0
2024-10-02,13:00,0,0,,5.0,1000,28.9,53,5,0
2024-10-02,14:00,0,0,,5.0,1000,29.2,51,5,0
2024-10-02,15:00,0,0,,5.0,1000,28.9,52,7,0
2024-10-02,16:00,0,0,,5.0,1000,28.6,52,8,0
2024-10-02,17:00,0,0,,5.0,1000,27.5,57,7,0
2024-10-02,18:00,0,0,,5.0,1000,26.8,62,6,0
2024-10-02,19:00,0,0,,5.0,1000,26.3,67,6,0
2024-10-02,20:00,0,0,,5.0,1000,26.0,70,6,0
2024-10-02,21:00,0,0,,5.0,1000,25.6,72,7,0
2024-10-02,22:00,0,0,,5.0,1000,25.4,74,7,0
