date,hour,is_weekend_or_holiday,event_flag,name,current_crawds
2024-06-07,20:00,0,0,,51.62
2024-06-07,21:00,0,0,,39.04
2024-06-07,22:00,0,0,,20.54
2024-06-08,10:00,1,0,,13.139999999999999
2024-06-08,11:00,1,0,,13.139999999999999
2024-06-08,12:00,1,0,,5
2024-06-08,13:00,1,0,,5
2024-06-08,14:00,1,0,,21.279999999999998
2024-06-08,15:00,1,0,,21.279999999999998
2024-06-08,16:00,1,0,,79
2024-06-08,17:00,1,1,乃⽊坂46 35thSGアンダーメンバー,79
2024-06-08,18:00,1,0,,79
2024-06-08,19:00,1,0,,69.38
2024-06-08,20:00,1,0,,44.22
2024-06-08,21:00,1,0,,9.44
2024-06-08,22:00,1,0,,6.48
2024-06-08,8:00,1,0,,5
2024-06-08,9:00,1,0,,5
2024-06-09,10:00,1,0,,5
2024-06-09,7:00,1,0,,5
2024-06-09,8:00,1,0,,5
2024-06-09,9:00,1,0,,5
2024-06-10,10:00,0,0,,7.96
2024-06-10,11:00,0,0,,7.96
2024-06-10,12:00,0,0,,7.96
2024-06-10,13:00,0,0,,7.96
2024-06-10,14:00,0,0,,7.96
2024-06-10,15:00,0,0,,7.96
2024-06-10,16:00,0,0,,7.96
2024-06-10,17:00,0,0,,7.96
2024-06-10,18:00,0,0,,7.96
2024-06-10,19:00,0,0,,7.96
2024-06-10,20:00,0,0,,7.96
2024-06-10,21:00,0,0,,7.96
2024-06-10,22:00,0,0,,7.96
2024-06-10,6:00,0,0,,5
2024-06-10,7:00,0,0,,5
2024-06-10,8:00,0,0,,5
2024-06-10,9:00,0,0,,7.96
2024-06-11,10:00,0,0,,7.96
2024-06-11,11:00,0,0,,7.96
2024-06-11,12:00,0,0,,7.96
2024-06-11,13:00,0,0,,7.96
2024-06-11,14:00,0,0,,7.96
2024-06-11,15:00,0,0,,7.96
2024-06-11,16:00,0,0,,7.96
2024-06-11,17:00,0,0,,7.96
2024-06-11,18:00,0,0,,5
2024-06-11,19:00,0,0,,5
2024-06-11,20:00,0,0,,7.96
2024-06-11,21:00,0,0,,7.96
2024-06-11,22:00,0,0,,5
2024-06-11,6:00,0,0,,5
2024-06-11,7:00,0,0,,5
2024-06-11,8:00,0,0,,7.96
2024-06-11,9:00,0,0,,7.96
2024-06-12,10:00,0,0,,7.22
2024-06-12,11:00,0,0,,7.22
2024-06-12,12:00,0,0,,5
2024-06-12,13:00,0,0,,7.22
2024-06-12,14:00,0,0,,7.22
2024-06-12,15:00,0,0,,7.22
2024-06-12,16:00,0,0,,7.22
2024-06-12,17:00,0,0,,7.22
2024-06-12,18:00,0,0,,7.22
2024-06-12,19:00,0,0,,7.22
2024-06-12,20:00,0,0,,7.22
2024-06-12,21:00,0,0,,5
2024-06-12,22:00,0,0,,5
2024-06-12,7:00,0,0,,7.22
2024-06-12,8:00,0,0,,5
2024-06-12,9:00,0,0,,5
2024-06-13,10:00,0,0,,7.22
2024-06-13,11:00,0,0,,7.22
2024-06-13,12:00,0,0,,7.22
2024-06-13,13:00,0,1,IMP.,66.41999999999999
2024-06-13,14:00,0,0,,79
2024-06-13,15:00,0,0,,76.78
2024-06-13,16:00,0,0,,33.120000000000005
2024-06-13,17:00,0,0,,38.300000000000004
2024-06-13,18:00,0,1,IMP.,79
2024-06-13,19:00,0,0,,79
2024-06-13,20:00,0,0,,64.2
2024-06-13,21:00,0,0,,12.4
2024-06-13,22:00,0,0,,7.22
2024-06-13,6:00,0,0,,5
2024-06-13,7:00,0,0,,5
2024-06-13,8:00,0,0,,5
2024-06-13,9:00,0,0,,7.22
2024-06-14,10:00,0,0,,7.96
2024-06-14,11:00,0,0,,7.96
2024-06-14,12:00,0,0,,7.96
2024-06-14,13:00,0,1,IMP.,79
2024-06-14,14:00,0,0,,79
2024-06-14,15:00,0,0,,67.9
2024-06-14,16:00,0,0,,24.98
2024-06-14,17:00,0,0,,11.66
2024-06-14,18:00,0,0,,7.22
2024-06-14,19:00,0,0,,7.22
2024-06-14,20:00,0,0,,5
2024-06-14,21:00,0,0,,7.22
2024-06-14,22:00,0,0,,7.22
2024-06-14,6:00,0,0,,5
2024-06-14,7:00,0,0,,5
2024-06-14,8:00,0,0,,7.96
2024-06-14,9:00,0,0,,5
2024-06-15,10:00,1,0,,7.22
2024-06-15,11:00,1,0,,7.22
2024-06-15,12:00,1,0,,7.22
2024-06-15,13:00,1,0,,7.22
2024-06-15,14:00,1,0,,7.22
2024-06-15,15:00,1,0,,7.22
2024-06-15,16:00,1,0,,20.54
2024-06-15,17:00,1,1,HIROMITSU KITAYAMA,76.78
2024-06-15,18:00,1,0,,79
2024-06-15,19:00,1,0,,79
2024-06-15,20:00,1,0,,37.559999999999995
2024-06-15,21:00,1,0,,16.1
2024-06-15,22:00,1,0,,8.7
2024-06-15,6:00,1,0,,5
2024-06-15,7:00,1,0,,5
2024-06-15,8:00,1,0,,5
2024-06-15,9:00,1,0,,7.22
2024-06-16,10:00,1,0,,7.96
2024-06-16,11:00,1,0,,7.96
2024-06-16,12:00,1,0,,23.5
2024-06-16,13:00,1,1,HIROMITSU KITAYAMA,79
2024-06-16,14:00,1,0,,79
2024-06-16,15:00,1,0,,59.019999999999996
2024-06-16,16:00,1,0,,18.32
2024-06-16,17:00,1,1,HIROMITSU KITAYAMA,61.24
2024-06-16,18:00,1,0,,76.78
2024-06-16,19:00,1,0,,67.9
2024-06-16,20:00,1,0,,31.64
2024-06-16,21:00,1,0,,9.44
2024-06-16,22:00,1,0,,7.22
2024-06-16,8:00,1,0,,7.96
2024-06-16,9:00,1,0,,7.96
2024-06-17,10:00,0,0,,5
2024-06-17,11:00,0,0,,7.22
2024-06-17,12:00,0,0,,7.22
2024-06-17,13:00,0,0,,7.22
2024-06-17,14:00,0,0,,5
2024-06-17,15:00,0,0,,5
2024-06-17,16:00,0,0,,5
2024-06-17,17:00,0,0,,5
2024-06-17,18:00,0,0,,7.22
2024-06-17,19:00,0,0,,7.22
2024-06-17,20:00,0,0,,7.22
2024-06-17,21:00,0,0,,5
2024-06-17,22:00,0,0,,7.22
2024-06-17,6:00,0,0,,5
2024-06-17,7:00,0,0,,5
2024-06-17,8:00,0,0,,5
2024-06-17,9:00,0,0,,5
2024-06-18,10:00,0,0,,6.48
2024-06-18,11:00,0,0,,7.96
2024-06-18,12:00,0,0,,9.44
2024-06-18,13:00,0,1,Number_i,73.08
2024-06-18,14:00,0,0,,79
2024-06-18,15:00,0,0,,76.78
2024-06-18,16:00,0,0,,19.8
2024-06-18,17:00,0,0,,25.720000000000002
2024-06-18,18:00,0,1,Number_i,60.5
2024-06-18,19:00,0,0,,59.019999999999996
2024-06-18,20:00,0,0,,36.08
2024-06-18,21:00,0,0,,13.879999999999999
2024-06-18,22:00,0,0,,8.7
2024-06-18,7:00,0,0,,5
2024-06-18,8:00,0,0,,5
2024-06-18,9:00,0,0,,5
2024-06-19,10:00,0,0,,6.48
2024-06-19,11:00,0,0,,7.96
2024-06-19,12:00,0,0,,9.44
2024-06-19,13:00,0,1,Number_i,79
2024-06-19,14:00,0,0,,79
2024-06-19,15:00,0,0,,73.82000000000001
2024-06-19,16:00,0,0,,23.5
2024-06-19,17:00,0,0,,36.08
2024-06-19,18:00,0,1,Number_i,59.019999999999996
2024-06-19,19:00,0,0,,60.5
2024-06-19,20:00,0,0,,40.519999999999996
2024-06-19,21:00,0,0,,8.7
2024-06-19,22:00,0,0,,6.48
2024-06-19,7:00,0,0,,5
2024-06-19,8:00,0,0,,5
2024-06-19,9:00,0,0,,5
2024-06-21,10:00,0,0,,5
2024-06-21,11:00,0,0,,6.48
2024-06-21,12:00,0,0,,6.48
2024-06-21,13:00,0,0,,6.48
2024-06-21,14:00,0,0,,5
2024-06-21,15:00,0,0,,6.48
2024-06-21,16:00,0,0,,5
2024-06-21,17:00,0,0,,5
2024-06-21,18:00,0,0,,5
2024-06-21,19:00,0,0,,6.48
2024-06-21,20:00,0,0,,6.48
2024-06-21,21:00,0,0,,5
2024-06-21,22:00,0,0,,5
2024-06-21,7:00,0,0,,5
2024-06-21,8:00,0,0,,5
2024-06-21,9:00,0,0,,5
2024-06-22,10:00,1,0,,5
2024-06-22,11:00,1,0,,6.48
2024-06-22,12:00,1,0,,6.48
2024-06-22,13:00,1,0,,6.48
2024-06-22,14:00,1,0,,6.48
2024-06-22,15:00,1,0,,7.96
2024-06-22,16:00,1,0,,9.44
2024-06-22,17:00,1,1,KEN MIYAKE,53.1
2024-06-22,18:00,1,0,,59.019999999999996
2024-06-22,19:00,1,0,,57.54
2024-06-22,20:00,1,0,,23.5
2024-06-22,21:00,1,0,,7.96
2024-06-22,22:00,1,0,,6.48
2024-06-22,9:00,1,0,,5
2024-06-23,10:00,1,0,,5
2024-06-23,11:00,1,0,,6.48
2024-06-23,12:00,1,0,,6.48
2024-06-23,13:00,1,0,,9.44
2024-06-23,14:00,1,0,,9.44
2024-06-23,15:00,1,1,KEN MIYAKE,70.11999999999999
2024-06-23,16:00,1,0,,71.60000000000001
2024-06-23,17:00,1,0,,60.5
2024-06-23,18:00,1,0,,19.8
2024-06-23,19:00,1,0,,9.44
2024-06-23,20:00,1,0,,7.96
2024-06-23,21:00,1,0,,7.96
2024-06-23,22:00,1,0,,6.48
2024-06-23,8:00,1,0,,5
2024-06-23,9:00,1,0,,5
2024-06-24,10:00,0,0,,5
2024-06-24,11:00,0,0,,5
2024-06-24,12:00,0,0,,5
2024-06-24,13:00,0,0,,5
2024-06-24,14:00,0,0,,6.48
2024-06-24,15:00,0,0,,6.48
2024-06-24,16:00,0,0,,5
2024-06-24,17:00,0,0,,5
2024-06-24,18:00,0,0,,5
2024-06-24,19:00,0,0,,5
2024-06-24,20:00,0,0,,5
2024-06-24,21:00,0,0,,5
2024-06-24,22:00,0,0,,5
2024-06-24,7:00,0,0,,5
2024-06-24,8:00,0,0,,5
2024-06-24,9:00,0,0,,5
2024-06-25,10:00,0,0,,5
2024-06-25,11:00,0,0,,5
2024-06-25,12:00,0,0,,5
2024-06-25,13:00,0,0,,5
2024-06-25,14:00,0,0,,5
2024-06-25,15:00,0,0,,5
2024-06-25,16:00,0,0,,5
2024-06-25,17:00,0,0,,6.48
2024-06-25,18:00,0,0,,5
2024-06-25,19:00,0,0,,5
2024-06-25,20:00,0,0,,5
2024-06-25,21:00,0,0,,5
2024-06-25,22:00,0,0,,5
2024-06-25,7:00,0,0,,5
2024-06-25,8:00,0,0,,5
2024-06-25,9:00,0,0,,5
2024-06-26,10:00,0,0,,5
2024-06-26,11:00,0,0,,5
2024-06-26,12:00,0,0,,5
2024-06-26,13:00,0,0,,5
2024-06-26,14:00,0,0,,5
2024-06-26,15:00,0,0,,5
2024-06-26,16:00,0,0,,5
2024-06-26,17:00,0,0,,5
2024-06-26,18:00,0,0,,5
2024-06-26,19:00,0,0,,5
2024-06-26,20:00,0,0,,5
2024-06-26,21:00,0,0,,5
2024-06-26,22:00,0,0,,5
2024-06-26,7:00,0,0,,5
2024-06-26,8:00,0,0,,5
2024-06-26,9:00,0,0,,5
2024-06-27,10:00,0,0,,5
2024-06-27,7:00,0,0,,5
2024-06-27,8:00,0,0,,5
2024-06-27,9:00,0,0,,5
2024-06-28,10:00,0,0,,6.48
2024-06-28,11:00,0,0,,6.48
2024-06-28,12:00,0,0,,6.48
2024-06-28,13:00,0,0,,6.48
2024-06-28,14:00,0,0,,6.48
2024-06-28,15:00,0,0,,6.48
2024-06-28,16:00,0,0,,6.48
2024-06-28,17:00,0,0,,7.22
2024-06-28,18:00,0,0,,7.22
2024-06-28,19:00,0,0,,6.48
2024-06-28,20:00,0,0,,6.48
2024-06-28,21:00,0,0,,5
2024-06-28,22:00,0,0,,6.48
2024-06-28,7:00,0,0,,6.48
2024-06-28,8:00,0,0,,6.48
2024-06-28,9:00,0,0,,6.48
2024-06-29,10:00,1,0,,7.96
2024-06-29,11:00,1,0,,7.96
2024-06-29,12:00,1,0,,8.7
2024-06-29,13:00,1,0,,7.96
2024-06-29,14:00,1,0,,7.96
2024-06-29,15:00,1,0,,8.7
2024-06-29,16:00,1,0,,79
2024-06-29,17:00,1,1,稲葉浩志,79
2024-06-29,18:00,1,0,,76.78
2024-06-29,19:00,1,0,,45.7
2024-06-29,20:00,1,0,,24.98
2024-06-29,21:00,1,0,,7.22
2024-06-29,22:00,1,0,,6.48
2024-06-29,7:00,1,0,,5
2024-06-29,8:00,1,0,,5
2024-06-29,9:00,1,0,,6.48
2024-06-30,10:00,1,0,,6.48
2024-06-30,11:00,1,0,,7.96
2024-06-30,12:00,1,0,,7.96
2024-06-30,13:00,1,0,,8.7
2024-06-30,14:00,1,0,,10.18
2024-06-30,15:00,1,0,,23.5
2024-06-30,16:00,1,0,,79
2024-06-30,17:00,1,1,稲葉浩志,79
2024-06-30,18:00,1,0,,79
2024-06-30,19:00,1,0,,46.440000000000005
2024-06-30,20:00,1,0,,22.759999999999998
2024-06-30,21:00,1,0,,8.7
2024-06-30,22:00,1,0,,7.22
2024-06-30,7:00,1,0,,5
2024-06-30,8:00,1,0,,5
2024-06-30,9:00,1,0,,6.48
2024-07-01,10:00,0,0,,5.74
2024-07-01,11:00,0,0,,5.74
2024-07-01,12:00,0,0,,5.74
2024-07-01,13:00,0,0,,5.74
2024-07-01,14:00,0,0,,5.74
2024-07-01,15:00,0,0,,5
2024-07-01,16:00,0,0,,5
2024-07-01,17:00,0,0,,5
2024-07-01,18:00,0,0,,5
2024-07-01,19:00,0,0,,5
2024-07-01,20:00,0,0,,5
2024-07-01,21:00,0,0,,5
2024-07-01,22:00,0,0,,5
2024-07-01,7:00,0,0,,5
2024-07-01,8:00,0,0,,5
2024-07-01,9:00,0,0,,5
2024-07-02,10:00,0,0,,5
2024-07-02,11:00,0,0,,5.74
2024-07-02,12:00,0,0,,5.74
2024-07-02,13:00,0,0,,5
2024-07-02,14:00,0,0,,5.74
2024-07-02,15:00,0,0,,5.74
2024-07-02,16:00,0,0,,5.74
2024-07-02,17:00,0,0,,5.74
2024-07-02,18:00,0,0,,5
2024-07-02,19:00,0,0,,5
2024-07-02,20:00,0,0,,5.74
2024-07-02,21:00,0,0,,5
2024-07-02,22:00,0,0,,5
2024-07-02,7:00,0,0,,5
2024-07-02,8:00,0,0,,5.74
2024-07-02,9:00,0,0,,5
2024-07-03,10:00,0,0,,5.74
2024-07-03,11:00,0,0,,5.74
2024-07-03,12:00,0,0,,5
2024-07-03,13:00,0,0,,5.74
2024-07-03,14:00,0,0,,5
2024-07-03,15:00,0,0,,5
2024-07-03,16:00,0,0,,5.74
2024-07-03,17:00,0,0,,6.48
2024-07-03,18:00,0,0,,7.22
2024-07-03,19:00,0,0,,6.48
2024-07-03,20:00,0,0,,5.74
2024-07-03,21:00,0,0,,5
2024-07-03,22:00,0,0,,5
2024-07-03,7:00,0,0,,5
2024-07-03,8:00,0,0,,5
2024-07-03,9:00,0,0,,5
2024-07-04,10:00,0,0,,5
2024-07-04,11:00,0,0,,5
2024-07-04,18:00,0,0,,23.5
2024-07-04,7:00,0,0,,5
2024-07-04,8:00,0,0,,5
2024-07-04,9:00,0,0,,5
2024-07-05,10:00,0,0,,5
2024-07-05,11:00,0,0,,5
2024-07-05,12:00,0,0,,5
2024-07-05,13:00,0,0,,5.74
2024-07-05,14:00,0,0,,5.74
2024-07-05,15:00,0,0,,5.74
2024-07-05,16:00,0,0,,6.48
2024-07-05,17:00,0,0,,7.96
2024-07-05,18:00,0,0,,40.519999999999996
2024-07-05,19:00,0,1,バスケットボール男子日本代表国際強化試合,61.24
2024-07-05,20:00,0,0,,72.34
2024-07-05,21:00,0,0,,69.38
2024-07-05,22:00,0,0,,31.64
2024-07-05,7:00,0,0,,5
2024-07-05,8:00,0,0,,5
2024-07-05,9:00,0,0,,5
2024-07-06,10:00,1,0,,5.74
2024-07-06,11:00,1,0,,7.22
2024-07-06,12:00,1,0,,30.9
2024-07-06,13:00,1,1,バスケットボール女子日本代表国際強化試合,50.88
2024-07-06,14:00,1,0,,66.41999999999999
2024-07-06,15:00,1,0,,70.86
2024-07-06,16:00,1,0,,53.1
2024-07-06,17:00,1,0,,16.84
2024-07-06,18:00,1,0,,6.48
2024-07-06,19:00,1,0,,5.74
2024-07-06,20:00,1,0,,5
2024-07-06,21:00,1,0,,5
2024-07-06,22:00,1,0,,5
2024-07-06,7:00,1,0,,5
2024-07-06,8:00,1,0,,5
2024-07-06,9:00,1,0,,5.74
2024-07-07,10:00,1,0,,5
2024-07-07,11:00,1,0,,5
2024-07-07,12:00,1,0,,5.74
2024-07-07,13:00,1,0,,5.74
2024-07-07,14:00,1,0,,5.74
2024-07-07,15:00,1,0,,6.48
2024-07-07,16:00,1,0,,7.22
2024-07-07,17:00,1,0,,7.96
2024-07-07,18:00,1,0,,36.08
2024-07-07,19:00,1,1,バスケットボール男子日本代表国際強化試合,61.980000000000004
2024-07-07,20:00,1,0,,79
2024-07-07,21:00,1,0,,79
2024-07-07,22:00,1,0,,49.4
2024-07-07,7:00,1,0,,5
2024-07-07,8:00,1,0,,5
2024-07-07,9:00,1,0,,5
2024-07-08,10:00,0,0,,5
2024-07-08,11:00,0,0,,5
2024-07-08,12:00,0,0,,5
2024-07-08,13:00,0,0,,5
2024-07-08,14:00,0,0,,5
2024-07-08,15:00,0,0,,5
2024-07-08,16:00,0,0,,5
2024-07-08,17:00,0,0,,5
2024-07-08,18:00,0,0,,5
2024-07-08,19:00,0,0,,5
2024-07-08,20:00,0,0,,5
2024-07-08,21:00,0,0,,5
2024-07-08,22:00,0,0,,5
2024-07-08,7:00,0,0,,5
2024-07-08,8:00,0,0,,5
2024-07-08,9:00,0,0,,5
2024-07-09,10:00,0,0,,5
2024-07-09,11:00,0,0,,6.48
2024-07-09,12:00,0,0,,6.48
2024-07-09,13:00,0,0,,5
2024-07-09,14:00,0,0,,6.48
2024-07-09,15:00,0,0,,6.48
2024-07-09,16:00,0,0,,5
2024-07-09,17:00,0,0,,5
2024-07-09,18:00,0,0,,5
2024-07-09,19:00,0,0,,5
2024-07-09,20:00,0,0,,5
2024-07-09,21:00,0,0,,5
2024-07-09,7:00,0,0,,5
2024-07-09,8:00,0,0,,5
2024-07-09,9:00,0,0,,5
2024-07-10,10:00,0,0,,5
2024-07-10,11:00,0,0,,5
2024-07-10,12:00,0,0,,5
2024-07-10,13:00,0,0,,5
2024-07-10,14:00,0,0,,5
2024-07-10,15:00,0,0,,5
2024-07-10,16:00,0,0,,5.74
2024-07-10,17:00,0,0,,5
2024-07-10,18:00,0,0,,5
2024-07-10,19:00,0,0,,5.74
2024-07-10,20:00,0,0,,5
2024-07-10,21:00,0,0,,5
2024-07-10,22:00,0,0,,5
2024-07-10,7:00,0,0,,5
2024-07-10,8:00,0,0,,5
2024-07-10,9:00,0,0,,5
2024-07-11,10:00,0,0,,5
2024-07-11,11:00,0,0,,5.74
2024-07-11,12:00,0,0,,5
2024-07-11,13:00,0,0,,5
2024-07-11,14:00,0,0,,5
2024-07-11,15:00,0,0,,5
2024-07-11,16:00,0,0,,5
2024-07-11,17:00,0,0,,5
2024-07-11,18:00,0,0,,5
2024-07-11,19:00,0,0,,5
2024-07-11,20:00,0,0,,5
2024-07-11,21:00,0,0,,5
2024-07-11,22:00,0,0,,5
2024-07-11,7:00,0,0,,5
2024-07-11,8:00,0,0,,5
2024-07-11,9:00,0,0,,5
2024-07-12,10:00,0,0,,5
2024-07-12,15:00,0,0,,9.44
2024-07-12,16:00,0,0,,13.879999999999999
2024-07-12,20:00,0,0,,13.879999999999999
2024-07-12,21:00,0,0,,13.879999999999999
2024-07-12,22:00,0,0,,7.96
2024-07-12,7:00,0,0,,5
2024-07-12,8:00,0,0,,5
2024-07-12,9:00,0,0,,5
2024-07-13,10:00,1,1,"ディズニー・オン・アイス ""Find Your Gift"" ～東京公演～",7.96
2024-07-13,11:00,1,0,,19.060000000000002
2024-07-13,12:00,1,0,,24.240000000000002
2024-07-13,13:00,1,0,,15.360000000000001
2024-07-13,14:00,1,1,"ディズニー・オン・アイス ""Find Your Gift"" ～東京公演～",9.44
2024-07-13,15:00,1,0,,16.84
2024-07-13,16:00,1,0,,21.279999999999998
2024-07-13,17:00,1,0,,7.96
2024-07-13,18:00,1,1,"ディズニー・オン・アイス ""Find Your Gift"" ～東京公演～",13.879999999999999
2024-07-13,19:00,1,0,,25.720000000000002
2024-07-13,20:00,1,0,,26.459999999999997
2024-07-13,21:00,1,0,,19.060000000000002
2024-07-13,22:00,1,0,,7.22
2024-07-13,6:00,1,0,,5
2024-07-13,7:00,1,0,,5
2024-07-13,8:00,1,0,,5
2024-07-13,9:00,1,0,,5
2024-07-14,10:00,1,1,"ディズニー・オン・アイス ""Find Your Gift"" ～東京公演～",8.7
2024-07-14,11:00,1,0,,16.84
2024-07-14,12:00,1,0,,18.32
2024-07-14,13:00,1,0,,8.7
2024-07-14,14:00,1,1,"ディズニー・オン・アイス ""Find Your Gift"" ～東京公演～",8.7
2024-07-14,15:00,1,0,,22.759999999999998
2024-07-14,16:00,1,0,,24.240000000000002
2024-07-14,17:00,1,0,,14.620000000000001
2024-07-14,18:00,1,1,"ディズニー・オン・アイス ""Find Your Gift"" ～東京公演～",10.92
2024-07-14,19:00,1,0,,20.54
2024-07-14,20:00,1,0,,23.5
2024-07-14,21:00,1,0,,17.58
2024-07-14,22:00,1,0,,7.96
2024-07-14,7:00,1,0,,5
2024-07-14,8:00,1,0,,5
2024-07-14,9:00,1,0,,5.74
2024-07-15,10:00,1,1,"ディズニー・オン・アイス ""Find Your Gift"" ～東京公演～",8.7
2024-07-15,11:00,1,0,,22.759999999999998
2024-07-15,12:00,1,0,,28.68
2024-07-15,13:00,1,0,,18.32
2024-07-15,14:00,1,1,"ディズニー・オン・アイス ""Find Your Gift"" ～東京公演～",10.18
2024-07-15,15:00,1,0,,22.02
2024-07-15,16:00,1,0,,27.2
2024-07-15,17:00,1,0,,8.7
2024-07-15,18:00,1,0,,7.22
2024-07-15,19:00,1,0,,5.74
2024-07-15,20:00,1,0,,5
2024-07-15,21:00,1,0,,5
2024-07-15,22:00,1,0,,5
2024-07-15,7:00,1,0,,5
2024-07-15,8:00,1,0,,5
2024-07-15,9:00,1,0,,5.74
2024-07-16,10:00,0,0,,6.48
2024-07-16,11:00,0,0,,5
2024-07-16,12:00,0,0,,5
2024-07-16,13:00,0,0,,6.48
2024-07-16,14:00,0,0,,6.48
2024-07-16,15:00,0,0,,6.48
2024-07-16,16:00,0,0,,5
2024-07-16,17:00,0,0,,5
2024-07-16,18:00,0,0,,5
2024-07-16,19:00,0,0,,5
2024-07-16,20:00,0,0,,5
2024-07-16,21:00,0,0,,5
2024-07-16,22:00,0,0,,5
2024-07-16,7:00,0,0,,5
2024-07-16,8:00,0,0,,5
2024-07-16,9:00,0,0,,5
2024-07-17,10:00,0,0,,5
2024-07-17,11:00,0,0,,5
2024-07-17,12:00,0,0,,5
2024-07-17,7:00,0,0,,5
2024-07-17,8:00,0,0,,5
2024-07-17,9:00,0,0,,5
2024-07-18,10:00,0,0,,5
2024-07-18,11:00,0,0,,5
2024-07-18,12:00,0,0,,5
2024-07-18,13:00,0,0,,5
2024-07-18,14:00,0,0,,6.48
2024-07-18,15:00,0,0,,5
2024-07-18,16:00,0,0,,5
2024-07-18,17:00,0,0,,5
2024-07-18,18:00,0,0,,5
2024-07-18,19:00,0,0,,6.48
2024-07-18,20:00,0,0,,6.48
2024-07-18,21:00,0,0,,6.48
2024-07-18,22:00,0,0,,5
2024-07-18,7:00,0,0,,5
2024-07-18,8:00,0,0,,5
2024-07-18,9:00,0,0,,5
2024-07-19,10:00,0,0,,5
2024-07-19,11:00,0,0,,5
2024-07-19,12:00,0,0,,6.48
2024-07-19,13:00,0,0,,6.48
2024-07-19,14:00,0,0,,6.48
2024-07-19,15:00,0,0,,6.48
2024-07-19,16:00,0,0,,6.48
2024-07-19,17:00,0,0,,6.48
2024-07-19,18:00,0,0,,6.48
2024-07-19,19:00,0,0,,6.48
2024-07-19,20:00,0,0,,6.48
2024-07-19,21:00,0,0,,6.48
2024-07-19,22:00,0,0,,5
2024-07-19,7:00,0,0,,5
2024-07-19,8:00,0,0,,5
2024-07-19,9:00,0,0,,5
2024-07-20,10:00,1,0,,5
2024-07-20,11:00,1,0,,6.48
2024-07-20,12:00,1,0,,5
2024-07-20,13:00,1,0,,6.48
2024-07-20,14:00,1,0,,6.48
2024-07-20,15:00,1,0,,8.7
2024-07-20,16:00,1,0,,9.44
2024-07-20,17:00,1,1,&TEAM,22.759999999999998
2024-07-20,18:00,1,0,,30.9
2024-07-20,19:00,1,0,,33.86
2024-07-20,20:00,1,0,,26.459999999999997
2024-07-20,21:00,1,0,,8.7
2024-07-20,22:00,1,0,,6.48
2024-07-20,7:00,1,0,,5
2024-07-20,8:00,1,0,,5
2024-07-20,9:00,1,0,,5
2024-07-21,10:00,1,0,,6.48
2024-07-21,11:00,1,0,,8.7
2024-07-21,12:00,1,1,&TEAM,19.060000000000002
2024-07-21,13:00,1,0,,22.02
2024-07-21,14:00,1,0,,14.620000000000001
2024-07-21,15:00,1,0,,8.7
2024-07-21,16:00,1,0,,8.7
2024-07-21,17:00,1,1,&TEAM,22.02
2024-07-21,18:00,1,0,,24.240000000000002
2024-07-21,19:00,1,0,,24.240000000000002
2024-07-21,20:00,1,0,,19.060000000000002
2024-07-21,21:00,1,0,,8.7
2024-07-21,22:00,1,0,,6.48
2024-07-21,7:00,1,0,,5
2024-07-21,8:00,1,0,,5
2024-07-21,9:00,1,0,,6.48
2024-07-22,10:00,0,0,,5
2024-07-22,11:00,0,0,,5
2024-07-22,12:00,0,0,,5
2024-07-22,13:00,0,0,,5
2024-07-22,14:00,0,0,,5
2024-07-22,15:00,0,0,,5
2024-07-22,16:00,0,0,,5
2024-07-22,17:00,0,0,,5
2024-07-22,18:00,0,0,,5
2024-07-22,19:00,0,0,,5
2024-07-22,20:00,0,0,,5
2024-07-22,21:00,0,0,,5
2024-07-22,22:00,0,0,,5
2024-07-22,7:00,0,0,,5
2024-07-22,8:00,0,0,,5
2024-07-22,9:00,0,0,,5
2024-07-23,10:00,0,0,,5
2024-07-23,11:00,0,0,,5
2024-07-23,12:00,0,0,,5
2024-07-23,13:00,0,0,,5
2024-07-23,14:00,0,1,有明アリーナスポーツフェス2024,5
2024-07-23,15:00,0,0,,5
2024-07-23,16:00,0,0,,5
2024-07-23,17:00,0,0,,5
2024-07-23,18:00,0,0,,5
2024-07-23,19:00,0,0,,5
2024-07-23,20:00,0,0,,5
2024-07-23,21:00,0,0,,5
2024-07-23,22:00,0,0,,5
2024-07-23,7:00,0,0,,5
2024-07-23,8:00,0,0,,5
2024-07-23,9:00,0,0,,5
2024-07-24,10:00,0,0,,5
2024-07-24,11:00,0,0,,5
2024-07-24,12:00,0,0,,5
2024-07-24,13:00,0,0,,5
2024-07-24,14:00,0,0,,5
2024-07-24,15:00,0,0,,5
2024-07-24,16:00,0,0,,5
2024-07-24,17:00,0,0,,5
2024-07-24,18:00,0,0,,5
2024-07-24,19:00,0,0,,5
2024-07-24,20:00,0,0,,5
2024-07-24,21:00,0,0,,5
2024-07-24,22:00,0,0,,5
2024-07-24,7:00,0,0,,5
2024-07-24,8:00,0,0,,5
2024-07-24,9:00,0,0,,5
2024-07-25,7:00,0,0,,5
2024-07-25,8:00,0,0,,5
2024-07-26,10:00,0,0,,5
2024-07-26,11:00,0,0,,5
2024-07-26,12:00,0,0,,5
2024-07-26,13:00,0,0,,5
2024-07-26,14:00,0,0,,5
2024-07-26,15:00,0,0,,5
2024-07-26,16:00,0,0,,5
2024-07-26,17:00,0,0,,5
2024-07-26,18:00,0,0,,5
2024-07-26,19:00,0,0,,5
2024-07-26,20:00,0,0,,5
2024-07-26,21:00,0,0,,5
2024-07-26,22:00,0,0,,5
2024-07-26,7:00,0,0,,5
2024-07-26,8:00,0,0,,5
2024-07-26,9:00,0,0,,5
2024-07-27,7:00,1,0,,5
2024-07-28,10:00,1,0,,5
2024-07-28,11:00,1,0,,5
2024-07-28,12:00,1,0,,5
2024-07-28,13:00,1,0,,5
2024-07-28,14:00,1,0,,5
2024-07-28,15:00,1,0,,5
2024-07-28,16:00,1,0,,6.48
2024-07-28,17:00,1,0,,5
2024-07-28,18:00,1,0,,5
2024-07-28,19:00,1,0,,5
2024-07-28,20:00,1,0,,5
2024-07-28,21:00,1,0,,5
2024-07-28,22:00,1,0,,5
2024-07-28,7:00,1,0,,5
2024-07-28,8:00,1,0,,5
2024-07-28,9:00,1,0,,5
2024-07-29,10:00,0,0,,5
2024-07-29,11:00,0,0,,5
2024-07-29,12:00,0,0,,5
2024-07-29,13:00,0,0,,5
2024-07-29,14:00,0,0,,5
2024-07-29,15:00,0,0,,5
2024-07-29,16:00,0,0,,5
2024-07-29,17:00,0,0,,5
2024-07-29,18:00,0,0,,5
2024-07-29,19:00,0,0,,5
2024-07-29,20:00,0,0,,5
2024-07-29,21:00,0,0,,5
2024-07-29,22:00,0,0,,5
2024-07-29,7:00,0,0,,5
2024-07-29,8:00,0,0,,5
2024-07-29,9:00,0,0,,5
2024-07-30,10:00,0,0,,5
2024-07-30,11:00,0,0,,5
2024-07-30,12:00,0,0,,5
2024-07-30,13:00,0,0,,7.22
2024-07-30,14:00,0,0,,7.22
2024-07-30,15:00,0,0,,7.22
2024-07-30,16:00,0,0,,5
2024-07-30,17:00,0,0,,5
2024-07-30,18:00,0,0,,5
2024-07-30,19:00,0,0,,5
2024-07-30,20:00,0,0,,5
2024-07-30,21:00,0,0,,5
2024-07-30,22:00,0,0,,5
2024-07-30,7:00,0,0,,5
2024-07-30,8:00,0,0,,5
2024-07-30,9:00,0,0,,5
2024-07-31,10:00,0,0,,5
2024-07-31,11:00,0,0,,5
2024-07-31,12:00,0,0,,5
2024-07-31,13:00,0,0,,5
2024-07-31,14:00,0,0,,5
2024-07-31,15:00,0,0,,5
2024-07-31,16:00,0,0,,5
2024-07-31,17:00,0,0,,5
2024-07-31,18:00,0,0,,5
2024-07-31,19:00,0,0,,5
2024-07-31,20:00,0,0,,5
2024-07-31,21:00,0,0,,5
2024-07-31,22:00,0,0,,5
2024-07-31,7:00,0,0,,5
2024-07-31,8:00,0,0,,5
2024-07-31,9:00,0,0,,5
2024-08-01,10:00,0,0,,5
2024-08-01,11:00,0,0,,5
2024-08-01,12:00,0,0,,5
2024-08-01,13:00,0,0,,5
2024-08-01,14:00,0,0,,5
2024-08-01,15:00,0,0,,5
2024-08-01,16:00,0,0,,5
2024-08-01,17:00,0,0,,5
2024-08-01,18:00,0,0,,5
2024-08-01,19:00,0,0,,5
2024-08-01,20:00,0,0,,5
2024-08-01,21:00,0,0,,5
2024-08-01,22:00,0,0,,5
2024-08-01,7:00,0,0,,5
2024-08-01,8:00,0,0,,5
2024-08-01,9:00,0,0,,5
2024-08-02,10:00,0,0,,7.22
2024-08-02,11:00,0,0,,7.22
2024-08-02,12:00,0,0,,7.22
2024-08-02,13:00,0,0,,7.22
2024-08-02,14:00,0,0,,7.22
2024-08-02,15:00,0,0,,7.22
2024-08-02,16:00,0,0,,7.22
2024-08-02,7:00,0,0,,5
2024-08-02,8:00,0,0,,7.22
2024-08-02,9:00,0,0,,7.22
2024-08-03,10:00,1,0,,5
2024-08-03,11:00,1,0,,5
2024-08-03,12:00,1,0,,8.7
2024-08-03,13:00,1,0,,8.7
2024-08-03,14:00,1,1,TREASURE,20.54
2024-08-03,15:00,1,0,,22.759999999999998
2024-08-03,16:00,1,0,,16.84
2024-08-03,17:00,1,0,,13.139999999999999
2024-08-03,18:00,1,0,,10.92
2024-08-03,19:00,1,1,TREASURE,14.620000000000001
2024-08-03,20:00,1,0,,16.84
2024-08-03,21:00,1,0,,14.620000000000001
2024-08-03,22:00,1,0,,8.7
2024-08-03,7:00,1,0,,5
2024-08-03,8:00,1,0,,5
2024-08-03,9:00,1,0,,5
2024-08-04,10:00,1,0,,5
2024-08-04,11:00,1,0,,9.44
2024-08-04,12:00,1,0,,20.54
2024-08-04,13:00,1,1,TREASURE,33.120000000000005
2024-08-04,14:00,1,0,,35.34
2024-08-04,15:00,1,0,,26.459999999999997
2024-08-04,16:00,1,0,,22.759999999999998
2024-08-04,17:00,1,0,,16.1
2024-08-04,18:00,1,0,,7.22
2024-08-04,19:00,1,0,,5
2024-08-04,20:00,1,0,,5
2024-08-04,21:00,1,0,,5
2024-08-04,22:00,1,0,,5
2024-08-04,7:00,1,0,,5
2024-08-04,8:00,1,0,,5
2024-08-04,9:00,1,0,,5
2024-08-05,10:00,0,0,,5
2024-08-05,11:00,0,0,,5
2024-08-05,12:00,0,0,,5
2024-08-05,13:00,0,0,,5
2024-08-05,14:00,0,0,,5
2024-08-05,15:00,0,0,,5
2024-08-05,16:00,0,0,,5
2024-08-05,7:00,0,0,,5
2024-08-05,8:00,0,0,,5
2024-08-05,9:00,0,0,,5
2024-08-06,10:00,0,0,,5
2024-08-06,11:00,0,0,,5
2024-08-06,12:00,0,0,,5
2024-08-06,13:00,0,0,,5
2024-08-06,14:00,0,0,,5
2024-08-06,15:00,0,0,,5
2024-08-06,16:00,0,0,,5
2024-08-06,17:00,0,0,,5
2024-08-06,18:00,0,0,,5
2024-08-06,19:00,0,0,,5
2024-08-06,20:00,0,0,,5
2024-08-06,21:00,0,0,,5
2024-08-06,22:00,0,0,,5
2024-08-06,7:00,0,0,,5
2024-08-06,8:00,0,0,,5
2024-08-06,9:00,0,0,,5
2024-08-07,10:00,0,0,,5
2024-08-07,11:00,0,0,,5
2024-08-07,12:00,0,0,,5
2024-08-07,13:00,0,0,,5
2024-08-07,14:00,0,0,,5
2024-08-07,15:00,0,0,,5
2024-08-07,16:00,0,0,,5
2024-08-07,17:00,0,0,,5
2024-08-07,18:00,0,0,,5
2024-08-07,19:00,0,0,,5
2024-08-07,20:00,0,0,,5
2024-08-07,21:00,0,0,,5
2024-08-07,22:00,0,0,,5
2024-08-07,7:00,0,0,,5
2024-08-07,8:00,0,0,,5
2024-08-07,9:00,0,0,,5
2024-08-08,10:00,0,0,,5
2024-08-08,11:00,0,0,,5
2024-08-08,12:00,0,0,,5
2024-08-08,13:00,0,0,,5
2024-08-08,14:00,0,0,,5
2024-08-08,15:00,0,0,,5
2024-08-08,16:00,0,0,,5
2024-08-08,17:00,0,0,,5
2024-08-08,18:00,0,0,,5
2024-08-08,19:00,0,0,,5
2024-08-08,20:00,0,0,,5
2024-08-08,21:00,0,0,,5
2024-08-08,22:00,0,0,,5
2024-08-08,7:00,0,0,,5
2024-08-08,8:00,0,0,,5
2024-08-08,9:00,0,0,,5
2024-08-09,10:00,0,0,,5
2024-08-09,11:00,0,0,,5
2024-08-09,12:00,0,0,,5
2024-08-09,13:00,0,0,,5
2024-08-09,14:00,0,0,,5
2024-08-09,15:00,0,0,,7.96
2024-08-09,16:00,0,0,,7.96
2024-08-09,17:00,0,0,,7.96
2024-08-09,18:00,0,0,,5
2024-08-09,19:00,0,0,,5
2024-08-09,20:00,0,0,,5
2024-08-09,21:00,0,0,,5
2024-08-09,22:00,0,0,,5
2024-08-09,7:00,0,0,,5
2024-08-09,8:00,0,0,,5
2024-08-09,9:00,0,0,,5
2024-08-10,10:00,1,0,,5
2024-08-10,11:00,1,0,,5
2024-08-10,12:00,1,0,,7.96
2024-08-10,13:00,1,0,,7.96
2024-08-10,14:00,1,0,,5
2024-08-10,15:00,1,0,,5
2024-08-10,16:00,1,0,,5
2024-08-10,17:00,1,0,,5
2024-08-10,18:00,1,0,,5
2024-08-10,19:00,1,0,,5
2024-08-10,20:00,1,0,,5
2024-08-10,21:00,1,0,,5
2024-08-10,22:00,1,0,,5
2024-08-10,7:00,1,0,,5
2024-08-10,8:00,1,0,,5
2024-08-10,9:00,1,0,,5
2024-08-11,10:00,1,0,,10.92
2024-08-11,11:00,1,0,,14.620000000000001
2024-08-11,12:00,1,0,,7.96
2024-08-11,13:00,1,0,,14.620000000000001
2024-08-11,14:00,1,0,,10.92
2024-08-11,15:00,1,0,,10.92
2024-08-11,16:00,1,0,,7.96
2024-08-11,17:00,1,0,,10.92
2024-08-11,18:00,1,0,,10.92
2024-08-11,19:00,1,0,,7.96
2024-08-11,20:00,1,0,,7.96
2024-08-11,21:00,1,0,,5
2024-08-11,22:00,1,0,,5
2024-08-11,7:00,1,0,,5
2024-08-11,8:00,1,0,,5
2024-08-11,9:00,1,0,,7.96
2024-08-12,10:00,1,0,,13.139999999999999
2024-08-12,11:00,1,0,,13.139999999999999
2024-08-12,12:00,1,0,,7.96
2024-08-12,13:00,1,0,,7.96
2024-08-12,14:00,1,0,,7.96
2024-08-12,15:00,1,0,,13.139999999999999
2024-08-12,16:00,1,0,,7.96
2024-08-12,17:00,1,0,,7.96
2024-08-12,18:00,1,0,,5
2024-08-12,19:00,1,0,,5
2024-08-12,20:00,1,0,,5
2024-08-12,21:00,1,0,,5
2024-08-12,22:00,1,0,,5
2024-08-12,7:00,1,0,,5
2024-08-12,8:00,1,0,,5
2024-08-12,9:00,1,0,,7.96
2024-08-13,10:00,0,0,,5
2024-08-13,11:00,0,0,,5
2024-08-13,12:00,0,0,,5
2024-08-13,13:00,0,0,,5
2024-08-13,14:00,0,0,,5
2024-08-13,15:00,0,0,,5
2024-08-13,16:00,0,0,,5
2024-08-13,17:00,0,0,,5
2024-08-13,18:00,0,0,,5
2024-08-13,19:00,0,0,,5
2024-08-13,20:00,0,0,,5
2024-08-13,21:00,0,0,,5
2024-08-13,22:00,0,0,,5
2024-08-13,7:00,0,0,,5
2024-08-13,8:00,0,0,,5
2024-08-13,9:00,0,0,,5
2024-08-14,10:00,0,0,,5
2024-08-14,11:00,0,0,,5
2024-08-14,12:00,0,0,,12.4
2024-08-14,13:00,0,0,,12.4
2024-08-14,14:00,0,0,,12.4
2024-08-14,15:00,0,0,,5
2024-08-14,16:00,0,0,,5
2024-08-14,17:00,0,0,,5
2024-08-14,18:00,0,0,,5
2024-08-14,19:00,0,0,,5
2024-08-14,20:00,0,0,,5
2024-08-14,21:00,0,0,,5
2024-08-14,22:00,0,0,,5
2024-08-14,7:00,0,0,,5
2024-08-14,8:00,0,0,,5
2024-08-14,9:00,0,0,,5
2024-08-24,19:00,1,0,,5
2024-08-24,20:00,1,0,,5
2024-08-24,21:00,1,0,,5
2024-08-24,22:00,1,0,,5
2024-08-25,10:00,1,0,,5
2024-08-25,11:00,1,0,,7.96
2024-08-25,12:00,1,0,,7.96
2024-08-25,13:00,1,0,,7.96
2024-08-25,14:00,1,0,,14.620000000000001
2024-08-25,15:00,1,0,,7.96
2024-08-25,16:00,1,0,,14.620000000000001
2024-08-25,17:00,1,0,,79
2024-08-25,18:00,1,0,,79
2024-08-25,19:00,1,0,,70.11999999999999
2024-08-25,20:00,1,0,,57.54
2024-08-25,21:00,1,0,,50.88
2024-08-25,22:00,1,0,,25.720000000000002
2024-08-25,7:00,1,0,,5
2024-08-25,8:00,1,0,,5
2024-08-25,9:00,1,0,,5
2024-08-26,10:00,0,0,,5
2024-08-26,11:00,0,0,,5
2024-08-26,12:00,0,0,,5
2024-08-26,13:00,0,0,,5
2024-08-26,14:00,0,0,,5
2024-08-26,15:00,0,0,,5
2024-08-26,16:00,0,0,,8.7
2024-08-26,17:00,0,0,,8.7
2024-08-26,18:00,0,0,,5
2024-08-26,19:00,0,0,,8.7
2024-08-26,20:00,0,0,,8.7
2024-08-26,21:00,0,0,,8.7
2024-08-26,22:00,0,0,,8.7
2024-08-26,7:00,0,0,,5
2024-08-26,8:00,0,0,,5
2024-08-26,9:00,0,0,,5
2024-08-27,10:00,0,0,,6.48
2024-08-27,11:00,0,0,,7.96
2024-08-27,12:00,0,0,,7.96
2024-08-27,13:00,0,0,,7.96
2024-08-27,14:00,0,0,,7.96
2024-08-27,15:00,0,0,,7.96
2024-08-27,16:00,0,0,,7.96
2024-08-27,17:00,0,0,,7.96
2024-08-27,18:00,0,1,ACTORS☆LEAGUE in Dance 2024,22.02
2024-08-27,19:00,0,0,,26.459999999999997
2024-08-27,20:00,0,0,,18.32
2024-08-27,21:00,0,0,,14.620000000000001
2024-08-27,22:00,0,0,,13.139999999999999
2024-08-27,7:00,0,0,,5
2024-08-27,8:00,0,0,,5
2024-08-27,9:00,0,0,,6.48
2024-08-28,10:00,0,0,,5
2024-08-28,11:00,0,0,,5
2024-08-28,12:00,0,0,,5
2024-08-28,13:00,0,0,,5
2024-08-28,14:00,0,0,,5
2024-08-28,15:00,0,0,,5
2024-08-28,16:00,0,0,,5
2024-08-28,17:00,0,0,,5
2024-08-28,18:00,0,0,,5
2024-08-28,19:00,0,0,,5
2024-08-28,20:00,0,0,,5
2024-08-28,21:00,0,0,,5
2024-08-28,22:00,0,0,,5
2024-08-28,7:00,0,0,,5
2024-08-28,8:00,0,0,,5
2024-08-28,9:00,0,0,,5
2024-08-29,10:00,0,0,,5
2024-08-29,11:00,0,0,,5
2024-08-29,12:00,0,0,,5
2024-08-29,13:00,0,0,,5
2024-08-29,14:00,0,0,,5
2024-08-29,15:00,0,0,,5
2024-08-29,16:00,0,0,,5
2024-08-29,17:00,0,0,,5
2024-08-29,18:00,0,0,,5
2024-08-29,19:00,0,0,,5
2024-08-29,20:00,0,0,,5
2024-08-29,21:00,0,0,,5
2024-08-29,22:00,0,0,,5
2024-08-29,7:00,0,0,,5
2024-08-29,8:00,0,0,,5
2024-08-29,9:00,0,0,,5
2024-08-30,10:00,0,0,,5
2024-08-30,11:00,0,0,,5
2024-08-30,12:00,0,0,,5
2024-08-30,13:00,0,0,,5
2024-08-30,14:00,0,0,,5
2024-08-30,15:00,0,0,,5
2024-08-30,16:00,0,0,,5
2024-08-30,17:00,0,0,,5
2024-08-30,18:00,0,0,,5
2024-08-30,19:00,0,0,,5
2024-08-30,20:00,0,0,,5
2024-08-30,21:00,0,0,,5
2024-08-30,22:00,0,0,,5
2024-08-30,7:00,0,0,,5
2024-08-30,8:00,0,0,,5
2024-08-30,9:00,0,0,,5
2024-08-31,10:00,1,0,,5
2024-08-31,11:00,1,0,,6.48
2024-08-31,12:00,1,0,,6.48
2024-08-31,13:00,1,0,,6.48
2024-08-31,14:00,1,0,,6.48
2024-08-31,15:00,1,0,,6.48
2024-08-31,16:00,1,0,,6.48
2024-08-31,7:00,1,0,,5
2024-08-31,8:00,1,0,,5
2024-08-31,9:00,1,0,,5
2024-09-01,10:00,1,0,,5
2024-09-01,11:00,1,0,,6.48
2024-09-01,12:00,1,0,,7.22
2024-09-01,13:00,1,0,,8.7
2024-09-01,14:00,1,0,,8.7
2024-09-01,15:00,1,0,,11.66
2024-09-01,16:00,1,1,(G)I-DLE,25.720000000000002
2024-09-01,17:00,1,0,,25.720000000000002
2024-09-01,18:00,1,0,,20.54
2024-09-01,19:00,1,0,,24.240000000000002
2024-09-01,20:00,1,0,,17.58
2024-09-01,21:00,1,0,,7.22
2024-09-01,22:00,1,0,,5
2024-09-01,6:00,1,0,,5
2024-09-01,7:00,1,0,,5
2024-09-01,8:00,1,0,,5
2024-09-01,9:00,1,0,,5
2024-09-02,10:00,0,0,,6.48
2024-09-02,11:00,0,0,,5
2024-09-02,12:00,0,0,,5
2024-09-02,13:00,0,0,,6.48
2024-09-02,14:00,0,0,,6.48
2024-09-02,15:00,0,0,,6.48
2024-09-02,16:00,0,0,,6.48
2024-09-02,17:00,0,0,,5
2024-09-02,18:00,0,0,,5
2024-09-02,19:00,0,0,,6.48
2024-09-02,20:00,0,0,,5
2024-09-02,21:00,0,0,,5
2024-09-02,22:00,0,0,,5
2024-09-02,7:00,0,0,,5
2024-09-02,8:00,0,0,,5
2024-09-02,9:00,0,0,,5
2024-09-03,10:00,0,0,,5
2024-09-03,11:00,0,0,,5
2024-09-03,12:00,0,0,,6.48
2024-09-03,13:00,0,0,,7.22
2024-09-03,14:00,0,0,,8.7
2024-09-03,15:00,0,0,,26.459999999999997
2024-09-03,16:00,0,0,,75.3
2024-09-03,17:00,0,0,,79
2024-09-03,18:00,0,0,,79
2024-09-03,19:00,0,0,,79
2024-09-03,20:00,0,0,,74.55999999999999
2024-09-03,21:00,0,0,,71.60000000000001
2024-09-03,22:00,0,0,,32.379999999999995
2024-09-03,7:00,0,0,,5
2024-09-03,8:00,0,0,,5
2024-09-03,9:00,0,0,,5
2024-09-04,10:00,0,0,,5
2024-09-04,11:00,0,0,,5
2024-09-04,12:00,0,0,,5
2024-09-04,13:00,0,0,,5
2024-09-04,14:00,0,0,,5
2024-09-04,15:00,0,0,,5
2024-09-04,16:00,0,0,,5
2024-09-04,17:00,0,0,,5
2024-09-04,18:00,0,0,,5
2024-09-04,19:00,0,0,,5
2024-09-04,20:00,0,0,,5
2024-09-04,21:00,0,0,,5
2024-09-04,22:00,0,0,,5
2024-09-04,7:00,0,0,,5
2024-09-04,8:00,0,0,,5
2024-09-04,9:00,0,0,,5
2024-09-05,10:00,0,0,,5
2024-09-05,11:00,0,0,,5
2024-09-05,12:00,0,0,,6.48
2024-09-05,13:00,0,0,,6.48
2024-09-05,14:00,0,0,,5
2024-09-05,15:00,0,0,,5
2024-09-05,16:00,0,0,,5
2024-09-05,17:00,0,0,,5
2024-09-05,18:00,0,0,,5
2024-09-05,19:00,0,0,,5
2024-09-05,20:00,0,0,,5
2024-09-05,21:00,0,0,,5
2024-09-05,22:00,0,0,,5
2024-09-05,7:00,0,0,,5
2024-09-05,8:00,0,0,,5
2024-09-05,9:00,0,0,,5
2024-09-06,10:00,0,0,,5
2024-09-06,11:00,0,0,,5
2024-09-06,12:00,0,0,,5
2024-09-06,13:00,0,0,,5
2024-09-06,14:00,0,0,,5
2024-09-06,15:00,0,0,,5
2024-09-06,16:00,0,0,,5
2024-09-06,17:00,0,0,,5
2024-09-06,18:00,0,0,,5
2024-09-06,19:00,0,0,,5
2024-09-06,20:00,0,0,,5
2024-09-06,21:00,0,0,,5
2024-09-06,22:00,0,0,,5
2024-09-06,7:00,0,0,,5
2024-09-06,8:00,0,0,,5
2024-09-06,9:00,0,0,,6.48
2024-09-07,10:00,1,0,,5
2024-09-07,11:00,1,0,,6.48
2024-09-07,12:00,1,0,,6.48
2024-09-07,13:00,1,0,,6.48
2024-09-07,14:00,1,0,,7.96
2024-09-07,15:00,1,0,,6.48
2024-09-07,16:00,1,0,,6.48
2024-09-07,17:00,1,0,,6.48
2024-09-07,18:00,1,1,"Jun. K, NICHKHUN, WOOYOUNG (From 2PM)",23.5
2024-09-07,19:00,1,0,,24.240000000000002
2024-09-07,20:00,1,0,,23.5
2024-09-07,21:00,1,0,,18.32
2024-09-07,22:00,1,0,,8.7
2024-09-07,7:00,1,0,,5
2024-09-07,8:00,1,0,,5
2024-09-07,9:00,1,0,,5
2024-09-08,10:00,1,0,,5
2024-09-08,11:00,1,0,,5
2024-09-08,12:00,1,0,,5
2024-09-08,13:00,1,0,,6.48
2024-09-08,14:00,1,0,,6.48
2024-09-08,15:00,1,0,,7.22
2024-09-08,16:00,1,1,"Jun. K, NICHKHUN, WOOYOUNG (From 2PM)",30.16
2024-09-08,17:00,1,0,,30.16
2024-09-08,18:00,1,0,,19.060000000000002
2024-09-08,19:00,1,0,,17.58
2024-09-08,20:00,1,0,,8.7
2024-09-08,21:00,1,0,,6.48
2024-09-08,22:00,1,0,,6.48
2024-09-08,7:00,1,0,,5
2024-09-08,8:00,1,0,,5
2024-09-08,9:00,1,0,,5
2024-09-09,10:00,0,0,,5
2024-09-09,11:00,0,0,,5
2024-09-09,12:00,0,0,,5
2024-09-09,7:00,0,0,,5
2024-09-09,8:00,0,0,,5
2024-09-09,9:00,0,0,,5
2024-09-10,10:00,0,0,,5
2024-09-10,11:00,0,0,,5
2024-09-10,12:00,0,0,,6.48
2024-09-10,13:00,0,0,,6.48
2024-09-10,14:00,0,0,,6.48
2024-09-10,15:00,0,0,,5
2024-09-10,16:00,0,0,,5
2024-09-10,17:00,0,0,,5
2024-09-10,18:00,0,0,,5
2024-09-10,19:00,0,0,,5
2024-09-10,20:00,0,0,,5
2024-09-10,21:00,0,0,,5
2024-09-10,22:00,0,0,,5
2024-09-10,7:00,0,0,,5
2024-09-10,8:00,0,0,,5
2024-09-10,9:00,0,0,,5
2024-09-11,10:00,0,0,,5
2024-09-11,11:00,0,0,,6.48
2024-09-11,12:00,0,0,,5
2024-09-11,13:00,0,0,,5
2024-09-11,14:00,0,0,,5
2024-09-11,15:00,0,0,,5
2024-09-11,16:00,0,0,,5
2024-09-11,17:00,0,0,,5
2024-09-11,18:00,0,0,,5
2024-09-11,19:00,0,0,,5
2024-09-11,20:00,0,0,,6.48
2024-09-11,21:00,0,0,,5
2024-09-11,22:00,0,0,,5
2024-09-11,7:00,0,0,,5
2024-09-11,8:00,0,0,,5
2024-09-11,9:00,0,0,,5
2024-09-12,10:00,0,0,,5
2024-09-12,11:00,0,0,,5
2024-09-12,12:00,0,0,,5
2024-09-12,13:00,0,0,,5
2024-09-12,14:00,0,0,,5
2024-09-12,15:00,0,0,,5
2024-09-12,16:00,0,0,,5
2024-09-12,17:00,0,0,,5
2024-09-12,18:00,0,0,,5
2024-09-12,19:00,0,0,,5
2024-09-12,20:00,0,0,,5
2024-09-12,21:00,0,0,,5
2024-09-12,7:00,0,0,,5
2024-09-12,8:00,0,0,,5
2024-09-12,9:00,0,0,,5
2024-09-13,10:00,0,0,,5
2024-09-13,11:00,0,0,,5
2024-09-13,12:00,0,0,,5
2024-09-13,13:00,0,0,,5
2024-09-13,14:00,0,0,,5
2024-09-13,15:00,0,0,,5
2024-09-13,16:00,0,0,,5
2024-09-13,17:00,0,0,,5
2024-09-13,18:00,0,0,,5
2024-09-13,19:00,0,0,,5
2024-09-13,20:00,0,0,,5
2024-09-13,21:00,0,0,,5
2024-09-13,22:00,0,0,,5
2024-09-13,7:00,0,0,,5
2024-09-13,8:00,0,0,,5
2024-09-13,9:00,0,0,,5
2024-09-14,10:00,1,0,,5
2024-09-14,11:00,1,0,,5
2024-09-14,12:00,1,0,,5
2024-09-14,13:00,1,0,,5
2024-09-14,14:00,1,0,,5
2024-09-14,15:00,1,0,,5
2024-09-14,16:00,1,0,,5
2024-09-14,17:00,1,0,,5
2024-09-14,18:00,1,0,,5
2024-09-14,19:00,1,0,,5
2024-09-14,20:00,1,0,,5
2024-09-14,21:00,1,0,,5
2024-09-14,22:00,1,0,,5
2024-09-14,7:00,1,0,,5
2024-09-14,8:00,1,0,,5
2024-09-14,9:00,1,0,,5
2024-09-15,10:00,1,0,,5
2024-09-15,11:00,1,0,,6.48
2024-09-15,12:00,1,0,,6.48
2024-09-15,13:00,1,0,,5
2024-09-15,14:00,1,0,,5
2024-09-15,15:00,1,0,,5
2024-09-15,16:00,1,0,,5
2024-09-15,17:00,1,0,,5
2024-09-15,18:00,1,0,,5
2024-09-15,19:00,1,0,,5
2024-09-15,20:00,1,0,,5
2024-09-15,21:00,1,0,,5
2024-09-15,22:00,1,0,,5
2024-09-15,7:00,1,0,,5
2024-09-15,8:00,1,0,,5
2024-09-15,9:00,1,0,,5
2024-09-16,10:00,1,0,,6.48
2024-09-16,11:00,1,0,,6.48
2024-09-16,12:00,1,0,,5
2024-09-16,13:00,1,0,,5
2024-09-16,14:00,1,0,,5
2024-09-16,15:00,1,0,,6.48
2024-09-16,16:00,1,0,,6.48
2024-09-16,17:00,1,0,,6.48
2024-09-16,18:00,1,0,,5
2024-09-16,19:00,1,0,,5
2024-09-16,20:00,1,0,,5
2024-09-16,21:00,1,0,,5
2024-09-16,22:00,1,0,,5
2024-09-16,7:00,1,0,,5
2024-09-16,8:00,1,0,,5
2024-09-16,9:00,1,0,,5
2024-09-17,10:00,0,0,,5
2024-09-17,11:00,0,0,,5
2024-09-17,12:00,0,0,,5
2024-09-17,13:00,0,0,,5
2024-09-17,14:00,0,0,,5
2024-09-17,15:00,0,0,,5
2024-09-17,16:00,0,0,,5
2024-09-17,17:00,0,0,,5
2024-09-17,18:00,0,0,,5
2024-09-17,19:00,0,0,,5
2024-09-17,20:00,0,0,,5
2024-09-17,21:00,0,0,,5
2024-09-17,22:00,0,0,,5
2024-09-17,6:00,0,0,,5
2024-09-17,7:00,0,0,,5
2024-09-17,8:00,0,0,,5
2024-09-17,9:00,0,0,,5
2024-09-18,10:00,0,0,,7.22
2024-09-18,11:00,0,0,,11.66
2024-09-18,12:00,0,0,,11.66
2024-09-18,13:00,0,0,,8.7
2024-09-18,14:00,0,0,,7.22
2024-09-18,15:00,0,0,,7.22
2024-09-18,16:00,0,0,,6.48
2024-09-18,17:00,0,0,,5
2024-09-18,18:00,0,0,,5
2024-09-18,19:00,0,0,,5
2024-09-18,20:00,0,0,,5
2024-09-18,21:00,0,0,,5
2024-09-18,22:00,0,0,,5
2024-09-18,7:00,0,0,,5
2024-09-18,8:00,0,0,,5
2024-09-18,9:00,0,0,,6.48
2024-09-19,10:00,0,0,,5
2024-09-19,11:00,0,0,,5
2024-09-19,12:00,0,0,,5
2024-09-19,13:00,0,0,,5
2024-09-19,14:00,0,0,,5
2024-09-19,15:00,0,0,,5
2024-09-19,16:00,0,0,,5
2024-09-19,17:00,0,0,,5
2024-09-19,18:00,0,0,,5
2024-09-19,19:00,0,0,,5
2024-09-19,20:00,0,0,,5
2024-09-19,21:00,0,0,,5
2024-09-19,22:00,0,0,,5
2024-09-19,7:00,0,0,,5
2024-09-19,8:00,0,0,,5
2024-09-19,9:00,0,0,,5
2024-09-20,10:00,0,0,,5
2024-09-20,11:00,0,0,,5
2024-09-20,12:00,0,0,,5
2024-09-20,13:00,0,0,,5
2024-09-20,14:00,0,0,,5
2024-09-20,15:00,0,0,,5
2024-09-20,16:00,0,0,,5
2024-09-20,17:00,0,0,,5
2024-09-20,18:00,0,0,,5
2024-09-20,19:00,0,0,,5
2024-09-20,20:00,0,0,,5
2024-09-20,21:00,0,0,,6.48
2024-09-20,22:00,0,0,,6.48
2024-09-20,7:00,0,0,,5
2024-09-20,8:00,0,0,,5
2024-09-20,9:00,0,0,,5
2024-09-21,10:00,1,0,,6.48
2024-09-21,11:00,1,0,,6.48
2024-09-21,12:00,1,0,,9.44
2024-09-21,13:00,1,1,Blue Note JAZZ FESTIVAL in JAPAN 2024,22.759999999999998
2024-09-21,14:00,1,0,,35.34
2024-09-21,15:00,1,0,,39.779999999999994
2024-09-21,16:00,1,0,,54.580000000000005
2024-09-21,17:00,1,0,,56.059999999999995
2024-09-21,18:00,1,0,,44.22
2024-09-21,19:00,1,0,,45.7
2024-09-21,20:00,1,0,,39.779999999999994
2024-09-21,21:00,1,0,,38.300000000000004
2024-09-21,22:00,1,0,,9.44
2024-09-21,7:00,1,0,,5
2024-09-21,8:00,1,0,,5
2024-09-21,9:00,1,0,,5
2024-09-22,10:00,1,0,,6.48
2024-09-22,11:00,1,0,,6.48
2024-09-22,12:00,1,0,,9.44
2024-09-22,13:00,1,1,Blue Note JAZZ FESTIVAL in JAPAN 2024,22.759999999999998
2024-09-22,14:00,1,0,,42
2024-09-22,15:00,1,0,,47.18
2024-09-22,16:00,1,0,,54.580000000000005
2024-09-22,17:00,1,0,,56.8
2024-09-22,18:00,1,0,,66.41999999999999
2024-09-22,19:00,1,0,,67.9
2024-09-22,20:00,1,0,,64.94
2024-09-22,21:00,1,0,,59.76
2024-09-22,22:00,1,0,,16.1
2024-09-22,7:00,1,0,,5
2024-09-22,8:00,1,0,,5
2024-09-22,9:00,1,0,,5
2024-09-23,10:00,1,0,,6.48
2024-09-23,11:00,1,0,,6.48
2024-09-23,12:00,1,0,,6.48
2024-09-23,13:00,1,0,,6.48
2024-09-23,14:00,1,0,,7.96
2024-09-23,15:00,1,0,,7.96
2024-09-23,16:00,1,0,,6.48
2024-09-23,17:00,1,0,,6.48
2024-09-23,18:00,1,1,Sammy Hagar,58.28
2024-09-23,19:00,1,0,,79
2024-09-23,20:00,1,0,,76.78
2024-09-23,21:00,1,0,,36.82
2024-09-23,22:00,1,0,,10.92
2024-09-23,7:00,1,0,,5
2024-09-23,8:00,1,0,,5
2024-09-23,9:00,1,0,,6.48
2024-09-24,7:00,0,0,,5
2024-09-24,8:00,0,0,,5
2024-09-25,10:00,0,0,,5
2024-09-25,11:00,0,0,,5
2024-09-25,12:00,0,0,,5
2024-09-25,13:00,0,0,,5
2024-09-25,14:00,0,0,,5
2024-09-25,15:00,0,0,,5
2024-09-25,16:00,0,0,,5
2024-09-25,17:00,0,0,,5
2024-09-25,18:00,0,0,,5
2024-09-25,19:00,0,0,,5
2024-09-25,20:00,0,0,,5
2024-09-25,21:00,0,0,,5
2024-09-25,22:00,0,0,,6.48
2024-09-25,7:00,0,0,,5
2024-09-25,8:00,0,0,,5
2024-09-25,9:00,0,0,,5
2024-09-26,10:00,0,0,,5
2024-09-26,11:00,0,0,,5
2024-09-26,12:00,0,0,,5
2024-09-26,13:00,0,0,,6.48
2024-09-26,14:00,0,0,,6.48
2024-09-26,15:00,0,0,,6.48
2024-09-26,16:00,0,0,,6.48
2024-09-26,17:00,0,0,,5
2024-09-26,18:00,0,0,,5
2024-09-26,19:00,0,0,,5
2024-09-26,20:00,0,0,,5
2024-09-26,21:00,0,0,,5
2024-09-26,22:00,0,0,,5
2024-09-26,7:00,0,0,,5
2024-09-26,8:00,0,0,,5
2024-09-26,9:00,0,0,,5
2024-09-27,10:00,0,0,,7.22
2024-09-27,11:00,0,0,,7.22
2024-09-27,12:00,0,0,,7.22
2024-09-27,13:00,0,0,,7.22
2024-09-27,14:00,0,0,,8.7
2024-09-27,15:00,0,0,,7.22
2024-09-27,16:00,0,0,,7.22
2024-09-27,17:00,0,0,,8.7
2024-09-27,18:00,0,0,,10.92
2024-09-27,19:00,0,1,OLIVIA RODRIGO,39.04
2024-09-27,20:00,0,0,,42.74
2024-09-27,21:00,0,0,,31.64
2024-09-27,22:00,0,0,,14.620000000000001
2024-09-27,7:00,0,0,,5
2024-09-27,8:00,0,0,,5
2024-09-27,9:00,0,0,,7.22
2024-09-28,10:00,1,0,,5
2024-09-28,11:00,1,0,,7.22
2024-09-28,12:00,1,0,,7.22
2024-09-28,13:00,1,0,,7.22
2024-09-28,14:00,1,0,,7.22
2024-09-28,15:00,1,0,,8.7
2024-09-28,16:00,1,0,,7.22
2024-09-28,17:00,1,0,,8.7
2024-09-28,18:00,1,1,OLIVIA RODRIGO,41.26
2024-09-28,19:00,1,0,,42.74
2024-09-28,20:00,1,0,,33.120000000000005
2024-09-28,21:00,1,0,,8.7
2024-09-28,22:00,1,0,,7.22
2024-09-28,7:00,1,0,,5
2024-09-28,8:00,1,0,,5
2024-09-28,9:00,1,0,,5
2024-09-29,10:00,1,0,,5
2024-09-29,11:00,1,0,,7.22
2024-09-29,12:00,1,0,,7.22
2024-09-29,13:00,1,0,,7.22
2024-09-29,14:00,1,0,,5
2024-09-29,15:00,1,0,,7.22
2024-09-29,16:00,1,0,,7.22
2024-09-29,17:00,1,0,,5
2024-09-29,18:00,1,0,,5
2024-09-29,19:00,1,0,,7.22
2024-09-29,20:00,1,0,,5
2024-09-29,21:00,1,0,,7.22
2024-09-29,22:00,1,0,,5
2024-09-29,7:00,1,0,,8.7
2024-09-29,8:00,1,0,,7.22
2024-09-29,9:00,1,0,,5
2024-09-30,10:00,0,0,,7.22
2024-09-30,11:00,0,0,,7.22
2024-09-30,12:00,0,0,,7.22
2024-09-30,13:00,0,0,,5
2024-09-30,14:00,0,0,,5
2024-09-30,15:00,0,0,,7.22
2024-09-30,16:00,0,0,,7.22
2024-09-30,7:00,0,0,,5
2024-09-30,8:00,0,0,,5
2024-09-30,9:00,0,0,,5
2024-10-01,10:00,0,0,,5
2024-10-01,11:00,0,0,,5
2024-10-01,12:00,0,0,,5
2024-10-01,13:00,0,0,,5
2024-10-01,14:00,0,0,,5
2024-10-01,15:00,0,0,,5
2024-10-01,16:00,0,0,,5
2024-10-01,17:00,0,0,,5
2024-10-01,18:00,0,0,,5
2024-10-01,19:00,0,0,,5
2024-10-01,20:00,0,0,,5
2024-10-01,21:00,0,0,,7.22
2024-10-01,22:00,0,0,,7.22
2024-10-01,7:00,0,0,,5
2024-10-01,8:00,0,0,,5
2024-10-01,9:00,0,0,,5
2024-10-02,10:00,0,0,,5
2024-10-02,11:00,0,0,,5
2024-10-02,12:00,0,0,,5
2024-10-02,13:00,0,0,,5
2024-10-02,14:00,0,0,,5
2024-10-02,15:00,0,0,,5
2024-10-02,16:00,0,0,,5
2024-10-02,17:00,0,0,,5
2024-10-02,18:00,0,0,,5
2024-10-02,19:00,0,0,,5
2024-10-02,20:00,0,0,,5
2024-10-02,21:00,0,0,,5
2024-10-02,22:00,0,0,,5
2024-10-02,7:00,0,0,,5
2024-10-02,8:00,0,0,,5
2024-10-02,9:00,0,0,,5
2024-10-03,10:00,0,0,,8.7
2024-10-03,11:00,0,0,,8.7
2024-10-03,12:00,0,0,,8.7
2024-10-03,13:00,0,0,,8.7
2024-10-03,14:00,0,0,,8.7
2024-10-03,15:00,0,0,,8.7
2024-10-03,7:00,0,0,,5
2024-10-03,8:00,0,0,,5
2024-10-03,9:00,0,0,,5
2024-10-04,10:00,0,0,,5
2024-10-04,11:00,0,0,,5
2024-10-04,12:00,0,0,,5
2024-10-04,13:00,0,0,,8.7
2024-10-04,14:00,0,0,,8.7
2024-10-04,15:00,0,0,,8.7
2024-10-04,16:00,0,0,,8.7
2024-10-04,17:00,0,0,,8.7
2024-10-04,18:00,0,0,,5
2024-10-04,19:00,0,0,,8.7
2024-10-04,20:00,0,0,,8.7
2024-10-04,21:00,0,0,,5
2024-10-04,22:00,0,0,,5
2024-10-04,7:00,0,0,,5
2024-10-04,8:00,0,0,,5
2024-10-04,9:00,0,0,,5
2024-10-05,10:00,1,0,,5
2024-10-05,11:00,1,0,,5
2024-10-05,12:00,1,0,,8.7
2024-10-05,13:00,1,0,,8.7
2024-10-05,14:00,1,0,,12.4
2024-10-05,15:00,1,0,,8.7
2024-10-05,16:00,1,0,,12.4
2024-10-05,17:00,1,0,,61.24
2024-10-05,18:00,1,1,日向坂ミュージックパレードLIVE,79
2024-10-05,19:00,1,0,,79
2024-10-05,20:00,1,0,,73.82000000000001
2024-10-05,21:00,1,0,,44.22
2024-10-05,22:00,1,0,,18.32
2024-10-05,7:00,1,0,,5
2024-10-05,8:00,1,0,,5
2024-10-05,9:00,1,0,,5
2024-10-06,10:00,1,0,,15.360000000000001
2024-10-06,11:00,1,0,,75.3
2024-10-06,12:00,1,1,日向坂ミュージックパレードLIVE,79
2024-10-06,13:00,1,0,,75.3
2024-10-06,14:00,1,0,,52.36
2024-10-06,15:00,1,0,,24.240000000000002
2024-10-06,16:00,1,0,,17.58
2024-10-06,17:00,1,0,,24.240000000000002
2024-10-06,18:00,1,1,日向坂ミュージックパレードLIVE,70.11999999999999
2024-10-06,19:00,1,0,,79
2024-10-06,20:00,1,0,,74.55999999999999
2024-10-06,21:00,1,0,,39.04
2024-10-06,22:00,1,0,,10.92
2024-10-06,7:00,1,0,,5
2024-10-06,8:00,1,0,,5
2024-10-06,9:00,1,0,,8.7
2024-10-07,10:00,0,0,,5
2024-10-07,11:00,0,0,,5
2024-10-07,12:00,0,0,,5
2024-10-07,13:00,0,0,,5
2024-10-07,14:00,0,0,,5
2024-10-07,15:00,0,0,,5
2024-10-07,16:00,0,0,,5
2024-10-07,17:00,0,0,,5
2024-10-07,18:00,0,0,,5
2024-10-07,19:00,0,0,,5
2024-10-07,20:00,0,0,,5
2024-10-07,21:00,0,0,,5
2024-10-07,22:00,0,0,,5
2024-10-07,7:00,0,0,,5
2024-10-07,8:00,0,0,,5
2024-10-07,9:00,0,0,,5
2024-10-08,10:00,0,0,,5
2024-10-08,11:00,0,0,,5
2024-10-08,12:00,0,0,,5
2024-10-08,13:00,0,0,,5
2024-10-08,14:00,0,0,,5
2024-10-08,15:00,0,0,,5
2024-10-08,16:00,0,0,,5
2024-10-08,17:00,0,0,,5
2024-10-08,18:00,0,0,,5
2024-10-08,19:00,0,0,,5
2024-10-08,20:00,0,0,,5
2024-10-08,21:00,0,0,,5
2024-10-08,22:00,0,0,,5
2024-10-08,7:00,0,0,,5
2024-10-08,8:00,0,0,,5
2024-10-08,9:00,0,0,,5
2024-10-09,10:00,0,0,,5
2024-10-09,11:00,0,0,,7.22
2024-10-09,12:00,0,0,,5
2024-10-09,7:00,0,0,,5
2024-10-09,8:00,0,0,,5
2024-10-09,9:00,0,0,,5
2024-10-10,10:00,0,0,,5
2024-10-10,11:00,0,0,,5
2024-10-10,12:00,0,0,,5
2024-10-10,13:00,0,0,,5
2024-10-10,14:00,0,0,,5
2024-10-10,15:00,0,0,,5
2024-10-10,16:00,0,0,,7.22
2024-10-10,17:00,0,0,,5
2024-10-10,18:00,0,0,,5
2024-10-10,19:00,0,0,,5
2024-10-10,20:00,0,0,,5
2024-10-10,21:00,0,0,,5
2024-10-10,22:00,0,0,,5
2024-10-10,7:00,0,0,,5
2024-10-10,8:00,0,0,,5
2024-10-10,9:00,0,0,,5
2024-10-11,12:00,0,0,,5
2024-10-11,13:00,0,0,,5
2024-10-11,14:00,0,0,,7.22
2024-10-11,15:00,0,0,,7.22
2024-10-11,16:00,0,0,,7.22
2024-10-11,17:00,0,0,,9.44
2024-10-11,18:00,0,0,,17.58
2024-10-11,19:00,0,0,,33.86
2024-10-11,20:00,0,0,,46.440000000000005
2024-10-11,21:00,0,0,,42
2024-10-11,22:00,0,0,,17.58
2024-10-11,7:00,0,0,,5
2024-10-11,8:00,0,0,,5
2024-10-11,9:00,0,0,,7.22
2024-10-12,10:00,1,0,,7.22
2024-10-12,11:00,1,0,,7.22
2024-10-12,12:00,1,0,,9.44
2024-10-12,13:00,1,0,,9.44
2024-10-12,14:00,1,0,,47.18
2024-10-12,15:00,1,0,,79
2024-10-12,16:00,1,0,,79
2024-10-12,17:00,1,0,,79
2024-10-12,18:00,1,0,,30.9
2024-10-12,19:00,1,0,,7.96
2024-10-12,20:00,1,0,,5
2024-10-12,21:00,1,0,,5
2024-10-12,22:00,1,0,,5
2024-10-12,7:00,1,0,,5
2024-10-12,8:00,1,0,,5
2024-10-12,9:00,1,0,,5
2024-10-13,10:00,1,0,,7.22
2024-10-13,11:00,1,0,,7.22
2024-10-13,12:00,1,0,,7.22
2024-10-13,13:00,1,0,,9.44
2024-10-13,14:00,1,0,,9.44
2024-10-13,15:00,1,0,,13.139999999999999
2024-10-13,16:00,1,0,,47.18
2024-10-13,17:00,1,0,,79
2024-10-13,18:00,1,0,,79
2024-10-13,19:00,1,0,,79
2024-10-13,20:00,1,0,,73.82000000000001
2024-10-13,21:00,1,0,,69.38
2024-10-13,22:00,1,0,,42
2024-10-13,7:00,1,0,,5
2024-10-13,8:00,1,0,,7.22
2024-10-13,9:00,1,0,,7.22
2024-10-14,10:00,1,0,,7.22
2024-10-14,11:00,1,0,,7.22
2024-10-14,12:00,1,0,,7.22
2024-10-14,13:00,1,0,,7.22
2024-10-14,14:00,1,0,,8.7
2024-10-14,15:00,1,0,,16.84
2024-10-14,16:00,1,0,,38.300000000000004
2024-10-14,17:00,1,0,,79
2024-10-14,18:00,1,0,,79
2024-10-14,19:00,1,0,,79
2024-10-14,20:00,1,0,,79
2024-10-14,21:00,1,0,,79
2024-10-14,22:00,1,0,,24.98
2024-10-14,7:00,1,0,,5
2024-10-14,8:00,1,0,,5
2024-10-14,9:00,1,0,,5
2024-10-15,10:00,0,0,,5
2024-10-15,11:00,0,0,,5
2024-10-15,12:00,0,0,,5
2024-10-15,13:00,0,0,,5
2024-10-15,14:00,0,0,,5
2024-10-15,15:00,0,0,,5
2024-10-15,16:00,0,0,,5
2024-10-15,17:00,0,0,,5
2024-10-15,18:00,0,0,,5
2024-10-15,19:00,0,0,,5
2024-10-15,20:00,0,0,,5
2024-10-15,21:00,0,0,,5
2024-10-15,22:00,0,0,,5
2024-10-15,7:00,0,0,,5
2024-10-15,8:00,0,0,,5
2024-10-15,9:00,0,0,,5
2024-10-16,10:00,0,0,,5
2024-10-16,11:00,0,0,,5
2024-10-16,12:00,0,0,,5
2024-10-16,13:00,0,0,,7.22
2024-10-16,14:00,0,0,,5
2024-10-16,15:00,0,0,,5
2024-10-16,16:00,0,0,,7.22
2024-10-16,17:00,0,0,,7.22
2024-10-16,18:00,0,0,,7.22
2024-10-16,19:00,0,0,,7.22
2024-10-16,20:00,0,0,,5
2024-10-16,21:00,0,0,,5
2024-10-16,22:00,0,0,,5
2024-10-16,7:00,0,0,,5
2024-10-16,8:00,0,0,,5
2024-10-16,9:00,0,0,,5
2024-10-17,10:00,0,0,,5
2024-10-17,11:00,0,0,,7.22
2024-10-17,7:00,0,0,,5
2024-10-17,8:00,0,0,,7.22
2024-10-17,9:00,0,0,,7.22
2024-10-18,10:00,0,0,,7.22
2024-10-18,11:00,0,0,,7.22
2024-10-18,12:00,0,0,,5
2024-10-18,13:00,0,0,,5
2024-10-18,14:00,0,0,,5
2024-10-18,15:00,0,0,,7.22
2024-10-18,16:00,0,0,,8.7
2024-10-18,17:00,0,0,,8.7
2024-10-18,18:00,0,0,,45.7
2024-10-18,19:00,0,1,長渕剛,79
2024-10-18,7:00,0,0,,5
2024-10-18,8:00,0,0,,5
2024-10-18,9:00,0,0,,7.22
2024-10-19,10:00,1,0,,7.22
2024-10-19,11:00,1,0,,7.22
2024-10-19,12:00,1,0,,7.22
2024-10-19,13:00,1,0,,8.7
2024-10-19,14:00,1,0,,8.7
2024-10-19,15:00,1,0,,44.22
2024-10-19,16:00,1,1,長渕剛,79
2024-10-19,17:00,1,0,,78.26
2024-10-19,18:00,1,0,,61.980000000000004
2024-10-19,19:00,1,0,,63.46
2024-10-19,20:00,1,0,,8.7
2024-10-19,21:00,1,0,,7.96
2024-10-19,22:00,1,0,,5
2024-10-19,7:00,1,0,,5
2024-10-19,8:00,1,0,,5
2024-10-19,9:00,1,0,,7.22
2024-10-20,10:00,1,0,,5
2024-10-20,11:00,1,0,,5
2024-10-20,12:00,1,0,,5
2024-10-20,13:00,1,0,,5
2024-10-20,14:00,1,0,,5
2024-10-20,15:00,1,0,,5
2024-10-20,16:00,1,0,,6.48
2024-10-20,17:00,1,0,,5
2024-10-20,18:00,1,0,,5
2024-10-20,19:00,1,0,,5
2024-10-20,20:00,1,0,,5
2024-10-20,21:00,1,0,,5
2024-10-20,22:00,1,0,,5
2024-10-20,7:00,1,0,,5
2024-10-20,8:00,1,0,,5
2024-10-20,9:00,1,0,,5
2024-10-21,10:00,0,0,,5
2024-10-21,11:00,0,0,,5
2024-10-21,12:00,0,0,,5
2024-10-21,13:00,0,0,,5
2024-10-21,14:00,0,0,,5
2024-10-21,15:00,0,0,,5
2024-10-21,16:00,0,0,,5
2024-10-21,17:00,0,0,,5
2024-10-21,18:00,0,0,,5
2024-10-21,19:00,0,0,,5
2024-10-21,20:00,0,0,,5
2024-10-21,21:00,0,0,,5
2024-10-21,22:00,0,0,,5
2024-10-21,7:00,0,0,,5
2024-10-21,8:00,0,0,,5
2024-10-21,9:00,0,0,,5
2024-10-22,10:00,0,0,,5
2024-10-22,11:00,0,0,,5
2024-10-22,12:00,0,0,,5
2024-10-22,13:00,0,0,,5
2024-10-22,14:00,0,0,,5
2024-10-22,15:00,0,0,,5
2024-10-22,16:00,0,0,,5
2024-10-22,17:00,0,0,,5
2024-10-22,18:00,0,0,,5
2024-10-22,19:00,0,0,,5
2024-10-22,20:00,0,0,,5
2024-10-22,21:00,0,0,,5
2024-10-22,22:00,0,0,,5
2024-10-22,7:00,0,0,,5
2024-10-22,8:00,0,0,,5
2024-10-22,9:00,0,0,,5
2024-10-23,11:00,0,0,,5
2024-10-23,12:00,0,0,,5
2024-10-23,13:00,0,0,,5
2024-10-23,14:00,0,0,,5
2024-10-23,15:00,0,0,,5
2024-10-23,16:00,0,0,,5
2024-10-23,17:00,0,0,,5
2024-10-23,18:00,0,0,,5
2024-10-23,19:00,0,0,,5
2024-10-23,20:00,0,0,,5
2024-10-23,21:00,0,0,,5
2024-10-23,22:00,0,0,,5
2024-10-23,7:00,0,0,,5
2024-10-23,8:00,0,0,,5
2024-10-23,9:00,0,0,,5
2024-10-24,10:00,0,0,,5
2024-10-24,11:00,0,0,,5
2024-10-24,12:00,0,0,,5
2024-10-24,13:00,0,0,,5
2024-10-24,14:00,0,0,,5
2024-10-24,15:00,0,0,,5
2024-10-24,16:00,0,0,,5
2024-10-24,17:00,0,0,,5
2024-10-24,18:00,0,0,,5
2024-10-24,19:00,0,0,,5
2024-10-24,20:00,0,0,,5
2024-10-24,21:00,0,0,,5
2024-10-24,22:00,0,0,,5
2024-10-24,7:00,0,0,,5
2024-10-24,8:00,0,0,,5
2024-10-24,9:00,0,0,,5
2024-10-25,10:00,0,0,,6.48
2024-10-25,11:00,0,0,,6.48
2024-10-25,12:00,0,0,,6.48
2024-10-25,13:00,0,0,,6.48
2024-10-25,14:00,0,0,,6.48
2024-10-25,15:00,0,0,,6.48
2024-10-25,16:00,0,0,,5
2024-10-25,17:00,0,0,,6.48
2024-10-25,18:00,0,0,,5
2024-10-25,19:00,0,0,,5
2024-10-25,20:00,0,0,,5
2024-10-25,21:00,0,0,,5
2024-10-25,22:00,0,0,,5
2024-10-25,7:00,0,0,,5
2024-10-25,8:00,0,0,,5
2024-10-25,9:00,0,0,,5
2024-10-26,10:00,1,0,,5
2024-10-26,11:00,1,0,,5
2024-10-26,12:00,1,0,,5
2024-10-26,13:00,1,0,,5
2024-10-26,14:00,1,0,,5
2024-10-26,15:00,1,0,,6.48
2024-10-26,16:00,1,0,,7.22
2024-10-26,17:00,1,0,,8.7
2024-10-26,18:00,1,0,,30.9
2024-10-26,19:00,1,0,,28.68
2024-10-26,20:00,1,0,,18.32
2024-10-26,21:00,1,0,,8.7
2024-10-26,22:00,1,0,,7.22
2024-10-26,7:00,1,0,,5
2024-10-26,8:00,1,0,,5
2024-10-26,9:00,1,0,,5
2024-10-27,10:00,1,0,,5
2024-10-27,11:00,1,0,,5
2024-10-27,12:00,1,0,,5
2024-10-27,13:00,1,0,,5
2024-10-27,14:00,1,0,,5
2024-10-27,15:00,1,0,,5
2024-10-27,16:00,1,0,,5
2024-10-27,17:00,1,0,,5
2024-10-27,18:00,1,0,,5
2024-10-27,19:00,1,0,,5
2024-10-27,20:00,1,0,,5
2024-10-27,21:00,1,0,,5
2024-10-27,22:00,1,0,,5
2024-10-27,7:00,1,0,,5
2024-10-27,8:00,1,0,,5
2024-10-27,9:00,1,0,,5
2024-10-28,10:00,0,0,,5
2024-10-28,11:00,0,0,,5
2024-10-28,12:00,0,0,,5
2024-10-28,13:00,0,0,,5
2024-10-28,7:00,0,0,,5
2024-10-28,8:00,0,0,,5
2024-10-28,9:00,0,0,,5
2024-10-29,10:00,0,0,,5
2024-10-29,11:00,0,0,,5
2024-10-29,12:00,0,0,,5
2024-10-29,13:00,0,0,,5
2024-10-29,14:00,0,0,,5
2024-10-29,15:00,0,0,,5
2024-10-29,16:00,0,0,,5
2024-10-29,17:00,0,0,,5
2024-10-29,18:00,0,0,,5
2024-10-29,19:00,0,0,,5
2024-10-29,20:00,0,0,,5
2024-10-29,21:00,0,0,,5
2024-10-29,22:00,0,0,,5
2024-10-29,7:00,0,0,,5
2024-10-29,8:00,0,0,,5
2024-10-29,9:00,0,0,,5
2024-10-30,10:00,0,0,,5
2024-10-30,11:00,0,0,,5
2024-10-30,12:00,0,0,,5
2024-10-30,13:00,0,0,,5
2024-10-30,14:00,0,0,,5
2024-10-30,15:00,0,0,,5
2024-10-30,16:00,0,0,,5
2024-10-30,17:00,0,0,,5
2024-10-30,18:00,0,0,,5
2024-10-30,19:00,0,0,,5
2024-10-30,20:00,0,0,,5
2024-10-30,21:00,0,0,,5
2024-10-30,22:00,0,0,,5
2024-10-30,7:00,0,0,,5
2024-10-30,8:00,0,0,,5
2024-10-30,9:00,0,0,,5
2024-10-31,10:00,0,0,,5
2024-10-31,11:00,0,0,,5.74
2024-10-31,12:00,0,0,,5.74
2024-10-31,13:00,0,0,,5.74
2024-10-31,14:00,0,0,,5.74
2024-10-31,15:00,0,0,,5.74
2024-10-31,16:00,0,0,,5.74
2024-10-31,17:00,0,0,,5.74
2024-10-31,18:00,0,0,,5.74
2024-10-31,19:00,0,0,,5.74
2024-10-31,20:00,0,0,,5.74
2024-10-31,21:00,0,0,,5.74
2024-10-31,22:00,0,0,,5.74
2024-10-31,7:00,0,0,,5
2024-10-31,8:00,0,0,,5
2024-10-31,9:00,0,0,,5
2024-11-01,10:00,0,0,,5
2024-11-01,11:00,0,0,,5
2024-11-01,12:00,0,0,,5
2024-11-01,13:00,0,0,,5
2024-11-01,14:00,0,0,,5
2024-11-01,15:00,0,0,,5
2024-11-01,16:00,0,0,,5.74
2024-11-01,17:00,0,0,,5
2024-11-01,18:00,0,0,,5.74
2024-11-01,19:00,0,0,,5
2024-11-01,20:00,0,0,,5.74
2024-11-01,21:00,0,0,,5.74
2024-11-01,22:00,0,0,,5.74
2024-11-01,7:00,0,0,,5
2024-11-01,9:00,0,0,,5
2024-11-02,10:00,1,0,,5
2024-11-02,11:00,1,0,,5.74
2024-11-02,12:00,1,0,,9.44
2024-11-02,13:00,1,1,The Secret Show,30.9
2024-11-02,14:00,1,0,,44.22
2024-11-02,15:00,1,0,,44.22
2024-11-02,16:00,1,0,,30.9
2024-11-02,17:00,1,0,,22.759999999999998
2024-11-02,18:00,1,1,The Secret Show,44.22
2024-11-02,19:00,1,0,,53.1
2024-11-02,7:00,1,0,,5
2024-11-02,8:00,1,0,,5
2024-11-02,9:00,1,0,,5
2024-11-03,10:00,1,0,,5.74
2024-11-03,11:00,1,0,,5.74
2024-11-03,12:00,1,0,,5.74
2024-11-03,13:00,1,0,,7.22
2024-11-03,14:00,1,0,,5.74
2024-11-03,6:00,1,0,,5
2024-11-03,7:00,1,0,,5
2024-11-03,8:00,1,0,,5
2024-11-03,9:00,1,0,,5.74
2024-11-04,10:00,1,0,,5.74
2024-11-04,11:00,1,0,,5.74
2024-11-04,7:00,1,0,,5
2024-11-04,8:00,1,0,,5
2024-11-04,9:00,1,0,,5
2024-11-05,10:00,0,0,,5
2024-11-05,11:00,0,0,,5
2024-11-05,12:00,0,0,,5
2024-11-05,13:00,0,0,,5
2024-11-05,14:00,0,0,,5
2024-11-05,15:00,0,0,,5
2024-11-05,16:00,0,0,,5
2024-11-05,17:00,0,0,,5
2024-11-05,7:00,0,0,,5
2024-11-05,8:00,0,0,,5
2024-11-05,9:00,0,0,,5
2024-11-06,10:00,0,0,,6.48
2024-11-06,11:00,0,0,,6.48
2024-11-06,12:00,0,0,,5
2024-11-06,13:00,0,0,,5
2024-11-06,14:00,0,0,,6.48
2024-11-06,15:00,0,0,,6.48
2024-11-06,16:00,0,0,,6.48
2024-11-06,17:00,0,0,,5
2024-11-06,18:00,0,1,あいみょん,5
2024-11-06,19:00,0,0,,5
2024-11-06,20:00,0,0,,5
2024-11-06,21:00,0,0,,5
2024-11-06,22:00,0,0,,5
2024-11-06,7:00,0,0,,5
2024-11-06,8:00,0,0,,5
2024-11-06,9:00,0,0,,6.48
2024-11-07,10:00,0,0,,5
2024-11-07,11:00,0,0,,5
2024-11-07,12:00,0,0,,5
2024-11-07,13:00,0,0,,5
2024-11-07,14:00,0,0,,5
2024-11-07,15:00,0,0,,5
2024-11-07,16:00,0,0,,5
2024-11-07,17:00,0,1,あいみょん,5
2024-11-07,18:00,0,0,,5
2024-11-07,19:00,0,0,,5
2024-11-07,20:00,0,0,,5
2024-11-07,21:00,0,0,,5
2024-11-07,22:00,0,0,,5
2024-11-07,7:00,0,0,,5
2024-11-07,8:00,0,0,,5
2024-11-07,9:00,0,0,,5
2024-11-08,10:00,0,0,,5
2024-11-08,11:00,0,0,,5
2024-11-08,12:00,0,0,,6.48
2024-11-08,13:00,0,0,,6.48
2024-11-08,14:00,0,0,,6.48
2024-11-08,15:00,0,0,,6.48
2024-11-08,16:00,0,0,,6.48
2024-11-08,17:00,0,0,,6.48
2024-11-08,18:00,0,0,,6.48
2024-11-08,19:00,0,0,,7.22
2024-11-08,20:00,0,0,,7.22
2024-11-08,21:00,0,0,,6.48
2024-11-08,22:00,0,0,,6.48
2024-11-08,7:00,0,0,,5
2024-11-08,8:00,0,0,,5
2024-11-08,9:00,0,0,,5
2024-11-09,10:00,1,0,,6.48
2024-11-09,11:00,1,0,,6.48
2024-11-09,12:00,1,0,,6.48
2024-11-09,13:00,1,0,,7.22
2024-11-09,14:00,1,0,,7.22
2024-11-09,15:00,1,0,,9.44
2024-11-09,16:00,1,0,,8.7
2024-11-09,17:00,1,1,WANIMA,42.74
2024-11-09,18:00,1,0,,43.480000000000004
2024-11-09,19:00,1,0,,34.6
2024-11-09,20:00,1,0,,8.7
2024-11-09,21:00,1,0,,8.7
2024-11-09,22:00,1,0,,5
2024-11-09,7:00,1,0,,5
2024-11-09,8:00,1,0,,5
2024-11-09,9:00,1,0,,5
2024-11-10,10:00,1,0,,5.74
2024-11-10,11:00,1,0,,5
2024-11-10,12:00,1,0,,5.74
2024-11-10,13:00,1,0,,7.22
2024-11-10,14:00,1,0,,7.22
2024-11-10,15:00,1,0,,7.22
2024-11-10,16:00,1,1,WANIMA,32.379999999999995
2024-11-10,17:00,1,0,,32.379999999999995
2024-11-10,18:00,1,0,,22.759999999999998
2024-11-10,19:00,1,0,,9.44
2024-11-10,20:00,1,0,,5.74
2024-11-10,21:00,1,0,,5
2024-11-10,22:00,1,0,,5
2024-11-10,7:00,1,0,,5
2024-11-10,8:00,1,0,,5
2024-11-10,9:00,1,0,,5.74
2024-11-11,10:00,0,0,,5
2024-11-11,11:00,0,0,,5
2024-11-11,12:00,0,0,,5
2024-11-11,13:00,0,0,,5
2024-11-11,14:00,0,0,,5
2024-11-11,15:00,0,0,,5
2024-11-11,16:00,0,0,,5
2024-11-11,17:00,0,0,,5
2024-11-11,18:00,0,0,,5
2024-11-11,19:00,0,0,,5
2024-11-11,20:00,0,0,,5
2024-11-11,21:00,0,0,,5
2024-11-11,22:00,0,0,,5
2024-11-11,7:00,0,0,,5
2024-11-11,8:00,0,0,,5
2024-11-11,9:00,0,0,,5
2024-11-12,10:00,0,0,,5
2024-11-12,11:00,0,0,,5
2024-11-12,12:00,0,0,,5
2024-11-12,13:00,0,0,,5
2024-11-12,14:00,0,0,,5
2024-11-12,15:00,0,0,,5
2024-11-12,16:00,0,0,,5
2024-11-12,17:00,0,0,,5
2024-11-12,18:00,0,0,,5
2024-11-12,19:00,0,0,,5
2024-11-12,20:00,0,0,,5
2024-11-12,21:00,0,0,,5
2024-11-12,22:00,0,0,,5
2024-11-12,7:00,0,0,,5
2024-11-12,8:00,0,0,,5
2024-11-12,9:00,0,0,,5
2024-11-13,10:00,0,0,,5
2024-11-13,11:00,0,0,,5
2024-11-13,12:00,0,0,,5
2024-11-13,13:00,0,0,,5
2024-11-13,14:00,0,0,,5
2024-11-13,15:00,0,0,,5
2024-11-13,16:00,0,0,,5
2024-11-13,17:00,0,0,,5
2024-11-13,18:00,0,0,,5
2024-11-13,7:00,0,0,,5
2024-11-13,8:00,0,0,,5
2024-11-13,9:00,0,0,,5
